Timestamp,Longitude,Latitude,Speed,Operatorname,CellID,NetworkMode,RSRP,RSRQ,SNR,CQI,RSSI,DL_bitrate,UL_bitrate,State,NRxRSRP,NRxRSRQ,ServingCell_Lon,ServingCell_Lat,ServingCell_Distance
2018.02.02_11.21.55,-8.656289,52.132759,44,A,2,LTE,-99,-11.0,4.0,6.0,-86.0,12906,305,D,-68.17554240631164,-21.06313645621181,-8.660162,52.126771,716.4
2018.02.02_11.21.56,-8.656298,52.132711,42,A,2,LTE,-99,-11.0,4.0,6.0,-86.0,12906,305,D,-68.17554240631164,-21.06313645621181,-8.660162,52.126771,711.21
2018.02.02_11.21.56,-8.656298,52.132711,42,A,2,LTE,-103,-13.0,4.0,6.0,-86.0,14248,267,D,-109.0,-19.0,-8.660162,52.126771,711.21
2018.02.02_11.21.57,-8.656298,52.132711,42,A,2,LTE,-103,-13.0,4.0,6.0,-86.0,20612,425,D,-109.0,-19.0,-8.660162,52.126771,711.21
2018.02.02_11.21.58,-8.656298,52.132711,42,A,2,LTE,-103,-13.0,4.0,6.0,-84.0,22312,412,D,-68.17554240631164,-21.06313645621181,-8.660162,52.126771,711.21
2018.02.02_11.21.59,-8.656298,52.132711,42,A,2,LTE,-103,-13.0,5.0,8.0,-80.0,22569,415,D,-68.17554240631164,-21.06313645621181,-8.660162,52.126771,711.21
2018.02.02_11.22.00,-8.656298,52.132711,42,A,2,LTE,-93,-12.0,5.0,9.0,-76.0,21305,444,D,-68.17554240631164,-21.06313645621181,-8.660162,52.126771,711.21
2018.02.02_11.22.01,-8.656298,52.132711,42,A,2,LTE,-93,-12.0,5.0,10.0,-72.0,18241,381,D,-68.17554240631164,-21.06313645621181,-8.660162,52.126771,711.21
2018.02.02_11.22.02,-8.656298,52.132711,42,A,2,LTE,-94,-9.0,7.0,9.0,-77.0,18151,338,D,-68.17554240631164,-21.06313645621181,-8.660162,52.126771,711.21
2018.02.02_11.22.04,-8.656298,52.132711,42,A,2,LTE,-94,-9.0,7.0,9.0,-68.0,18979,356,D,-68.17554240631164,-21.06313645621181,-8.660162,52.126771,711.21
2018.02.02_11.22.05,-8.656298,52.132711,42,A,2,LTE,-82,-10.0,5.0,10.0,-83.30932203389831,12850,297,D,-89.0,-12.0,-8.660162,52.126771,711.21
2018.02.02_11.22.06,-8.656298,52.132711,42,A,2,LTE,-82,-10.0,5.0,8.0,-83.30932203389831,15972,293,D,-89.0,-12.0,-8.660162,52.126771,711.21
2018.02.02_11.22.07,-8.656298,52.132711,42,A,2,LTE,-82,-10.0,8.0,8.0,-83.30932203389831,13253,247,D,-89.0,-10.0,-8.660162,52.126771,711.21
2018.02.02_11.22.08,-8.656298,52.132711,42,A,2,LTE,-82,-10.0,10.0,8.0,-69.0,8030,120,D,-89.0,-10.0,-8.660162,52.126771,711.21
2018.02.02_11.22.09,-8.656298,52.132711,42,A,2,LTE,-86,-8.0,10.0,11.0,-56.0,10747,184,D,-91.0,-8.0,-8.660162,52.126771,711.21
2018.02.02_11.22.10,-8.656298,52.132711,42,A,2,LTE,-86,-8.0,10.0,11.0,-64.0,13398,296,D,-91.0,-8.0,-8.660162,52.126771,711.21
2018.02.02_11.22.11,-8.656298,52.132711,42,A,2,LTE,-86,-13.0,9.0,6.0,-69.0,3746,65,D,-96.0,-10.0,-8.660162,52.126771,711.21
2018.02.02_11.22.12,-8.656298,52.132711,42,A,2,LTE,-86,-13.0,9.0,6.0,-69.0,5536,138,D,-96.0,-10.0,-8.660162,52.126771,711.21
2018.02.02_11.22.14,-8.656298,52.132711,42,A,2,LTE,-84,-12.0,4.0,6.0,-67.0,9282,170,D,-90.0,-18.0,-8.660162,52.126771,711.21
2018.02.02_11.22.15,-8.656298,52.132711,42,A,2,LTE,-84,-12.0,4.0,6.0,-71.0,4988,92,D,-90.0,-18.0,-8.660162,52.126771,711.21
2018.02.02_11.22.16,-8.656298,52.132711,42,A,2,LTE,-83,-7.0,1.0,12.0,-66.0,8600,210,D,-101.0,-15.0,-8.660162,52.126771,711.21
2018.02.02_11.22.17,-8.656298,52.132711,42,A,2,LTE,-83,-7.0,1.0,14.0,-59.0,9137,170,D,-101.0,-15.0,-8.660162,52.126771,711.21
2018.02.02_11.22.18,-8.656298,52.132711,42,A,2,LTE,-80,-9.0,12.0,10.0,-67.0,10065,186,D,-68.17554240631164,-21.06313645621181,-8.660162,52.126771,711.21
2018.02.02_11.22.19,-8.656298,52.132711,42,A,2,LTE,-80,-9.0,12.0,12.0,-61.0,8242,168,D,-68.17554240631164,-21.06313645621181,-8.660162,52.126771,711.21
2018.02.02_11.22.20,-8.656298,52.132711,42,A,2,LTE,-83,-9.0,11.0,7.0,-66.0,7314,136,D,-68.17554240631164,-21.06313645621181,-8.660162,52.126771,711.21
2018.02.02_11.22.21,-8.656298,52.132711,42,A,2,LTE,-83,-9.0,11.0,11.0,-61.0,9282,171,D,-68.17554240631164,-21.06313645621181,-8.660162,52.126771,711.21
2018.02.02_11.22.22,-8.656298,52.132711,42,A,2,LTE,-73,-12.0,12.0,11.0,-56.0,9551,176,D,-68.17554240631164,-21.06313645621181,-8.660162,52.126771,711.21
2018.02.02_11.22.24,-8.656298,52.132711,42,A,2,LTE,-73,-12.0,12.0,11.0,-56.0,12302,224,D,-68.17554240631164,-21.06313645621181,-8.660162,52.126771,711.21
2018.02.02_11.22.25,-8.656298,52.132711,42,A,2,LTE,-77,-10.0,14.0,10.0,-60.0,13320,242,D,-68.17554240631164,-21.06313645621181,-8.660162,52.126771,711.21
2018.02.02_11.22.26,-8.656298,52.132711,42,A,2,LTE,-77,-10.0,14.0,10.0,-60.0,11888,217,D,-68.17554240631164,-21.06313645621181,-8.660162,52.126771,711.21
2018.02.02_11.22.27,-8.656298,52.132711,42,A,2,LTE,-74,-11.0,14.0,12.0,-59.0,13924,350,D,-68.17554240631164,-21.06313645621181,-8.660162,52.126771,711.21
2018.02.02_11.22.28,-8.656298,52.132711,42,A,2,LTE,-74,-11.0,16.0,11.0,-64.0,11362,210,D,-68.17554240631164,-21.06313645621181,-8.660162,52.126771,711.21
2018.02.02_11.22.29,-8.656298,52.132711,42,A,2,LTE,-79,-9.0,12.0,10.0,-62.0,12168,222,D,-68.17554240631164,-21.06313645621181,-8.660162,52.126771,711.21
2018.02.02_11.22.30,-8.656298,52.132711,42,A,2,LTE,-79,-9.0,12.0,10.0,-62.0,13241,245,D,-68.17554240631164,-21.06313645621181,-8.660162,52.126771,711.21
2018.02.02_11.22.31,-8.656298,52.132711,42,A,2,LTE,-77,-10.0,10.0,12.0,-60.0,15501,285,D,-68.17554240631164,-21.06313645621181,-8.660162,52.126771,711.21
2018.02.02_11.22.33,-8.656298,52.132711,42,A,2,LTE,-77,-10.0,10.0,10.0,-63.0,11832,270,D,-68.17554240631164,-21.06313645621181,-8.660162,52.126771,711.21
2018.02.02_11.22.34,-8.656298,52.132711,42,A,2,LTE,-82,-7.0,10.0,9.0,-65.0,13294,255,D,-68.17554240631164,-21.06313645621181,-8.660162,52.126771,711.21
2018.02.02_11.22.35,-8.656298,52.132711,42,A,2,LTE,-82,-7.0,10.0,10.0,-62.0,15590,281,D,-68.17554240631164,-21.06313645621181,-8.660162,52.126771,711.21
2018.02.02_11.22.36,-8.656298,52.132711,42,A,2,LTE,-78,-11.0,12.0,10.0,-62.0,15366,288,D,-68.17554240631164,-21.06313645621181,-8.660162,52.126771,711.21
2018.02.02_11.22.37,-8.656298,52.132711,42,A,2,LTE,-78,-11.0,12.0,11.0,-60.0,15724,284,D,-68.17554240631164,-21.06313645621181,-8.660162,52.126771,711.21
2018.02.02_11.22.38,-8.656298,52.132711,42,A,2,LTE,-74,-6.0,15.0,12.0,-59.0,13208,245,D,-68.17554240631164,-21.06313645621181,-8.660162,52.126771,711.21
2018.02.02_11.22.39,-8.656298,52.132711,42,A,2,LTE,-74,-6.0,15.0,12.0,-62.0,19057,356,D,-68.17554240631164,-21.06313645621181,-8.660162,52.126771,711.21
2018.02.02_11.22.40,-8.656298,52.132711,42,A,2,LTE,-77,-9.0,14.0,13.0,-60.0,19448,359,D,-68.17554240631164,-21.06313645621181,-8.660162,52.126771,711.21
2018.02.02_11.22.41,-8.656298,52.132711,42,A,2,LTE,-77,-9.0,14.0,9.0,-64.0,17413,325,D,-68.17554240631164,-21.06313645621181,-8.660162,52.126771,711.21
2018.02.02_11.22.43,-8.656298,52.132711,42,A,2,LTE,-78,-11.0,11.0,11.0,-61.0,25342,470,D,-100.0,-13.0,-8.660162,52.126771,711.21
2018.02.02_11.22.44,-8.656298,52.132711,42,A,2,LTE,-78,-11.0,11.0,12.0,-55.0,26103,705,D,-100.0,-13.0,-8.660162,52.126771,711.21
2018.02.02_11.22.45,-8.656298,52.132711,42,A,2,LTE,-75,-7.0,14.0,11.0,-58.0,14953,318,D,-68.17554240631164,-21.06313645621181,-8.660162,52.126771,711.21
2018.02.02_11.22.46,-8.656298,52.132711,42,A,2,LTE,-75,-7.0,14.0,11.0,-60.0,14561,299,D,-68.17554240631164,-21.06313645621181,-8.660162,52.126771,711.21
2018.02.02_11.22.47,-8.656298,52.132711,42,A,2,LTE,-80,-8.0,12.0,11.0,-63.0,11485,241,D,-68.17554240631164,-21.06313645621181,-8.660162,52.126771,711.21
2018.02.02_11.22.48,-8.656298,52.132711,42,A,2,LTE,-80,-8.0,12.0,12.0,-61.0,11027,204,D,-68.17554240631164,-21.06313645621181,-8.660162,52.126771,711.21
2018.02.02_11.22.49,-8.656298,52.132711,42,A,2,LTE,-79,-9.0,15.0,12.0,-61.0,11139,204,D,-68.17554240631164,-21.06313645621181,-8.660162,52.126771,711.21
2018.02.02_11.22.50,-8.656298,52.132711,42,A,2,LTE,-79,-9.0,15.0,9.0,-65.0,12123,218,D,-68.17554240631164,-21.06313645621181,-8.660162,52.126771,711.21
2018.02.02_11.22.52,-8.656298,52.132711,42,A,2,LTE,-89,-6.0,13.0,9.0,-72.0,12201,223,D,-106.0,-12.0,-8.660162,52.126771,711.21
2018.02.02_11.22.53,-8.656298,52.132711,42,A,2,LTE,-89,-6.0,13.0,11.0,-67.0,14270,252,D,-106.0,-12.0,-8.660162,52.126771,711.21
2018.02.02_11.22.54,-8.656298,52.132711,42,A,2,LTE,-89,-8.0,13.0,9.0,-72.0,13197,241,D,-68.17554240631164,-21.06313645621181,-8.660162,52.126771,711.21
2018.02.02_11.22.55,-8.656298,52.132711,42,A,2,LTE,-89,-8.0,13.0,9.0,-77.0,14080,285,D,-68.17554240631164,-21.06313645621181,-8.660162,52.126771,711.21
2018.02.02_11.22.56,-8.656298,52.132711,42,A,2,LTE,-96,-12.0,9.0,9.0,-79.0,14807,278,D,-106.0,-12.0,-8.660162,52.126771,711.21
2018.02.02_11.22.57,-8.656298,52.132711,42,A,2,LTE,-96,-12.0,9.0,9.0,-79.0,13946,300,D,-106.0,-12.0,-8.660162,52.126771,711.21
2018.02.02_11.22.58,-8.656298,52.132711,42,A,2,LTE,-93,-8.0,11.0,10.0,-76.0,14293,304,D,-68.17554240631164,-21.06313645621181,-8.660162,52.126771,711.21
2018.02.02_11.22.59,-8.656298,52.132711,42,A,2,LTE,-93,-8.0,11.0,11.0,-74.0,10939,229,D,-68.17554240631164,-21.06313645621181,-8.660162,52.126771,711.21
2018.02.02_11.23.00,-8.656298,52.132711,42,A,2,LTE,-95,-7.0,11.0,9.0,-78.0,9014,173,D,-68.17554240631164,-21.06313645621181,-8.660162,52.126771,711.21
2018.02.02_11.23.02,-8.656298,52.132711,42,A,2,LTE,-95,-7.0,11.0,8.0,-80.0,6598,144,D,-68.17554240631164,-21.06313645621181,-8.660162,52.126771,711.21
2018.02.02_11.23.03,-8.656298,52.132711,42,A,2,LTE,-96,-13.0,9.0,8.0,-80.0,7895,147,D,-113.0,-14.0,-8.660162,52.126771,711.21
2018.02.02_11.23.04,-8.656298,52.132711,42,A,2,LTE,-96,-13.0,9.0,9.0,-78.0,6609,140,D,-113.0,-14.0,-8.660162,52.126771,711.21
2018.02.02_11.23.05,-8.656298,52.132711,42,A,2,LTE,-97,-10.0,7.0,7.0,-80.0,3198,63,D,-109.0,-15.0,-8.660162,52.126771,711.21
2018.02.02_11.23.06,-8.656298,52.132711,42,A,2,LTE,-97,-10.0,7.0,7.0,-82.0,3578,74,D,-109.0,-15.0,-8.660162,52.126771,711.21
2018.02.02_11.23.07,-8.656298,52.132711,42,A,2,LTE,-99,-14.0,5.0,7.0,-82.0,4753,89,D,-107.0,-16.0,-8.660162,52.126771,711.21
2018.02.02_11.23.08,-8.656298,52.132711,42,A,2,LTE,-99,-14.0,5.0,9.0,-83.30932203389831,6128,142,D,-107.0,-16.0,-8.660162,52.126771,711.21
2018.02.02_11.23.09,-8.656298,52.132711,42,A,2,LTE,-97,-10.0,8.0,8.0,-83.30932203389831,3019,61,D,-110.0,-13.0,-8.660162,52.126771,711.21
2018.02.02_11.23.11,-8.656298,52.132711,42,A,2,LTE,-97,-10.0,8.0,8.0,-83.30932203389831,1028,20,D,-110.0,-13.0,-8.660162,52.126771,711.21
2018.02.02_11.23.12,-8.656298,52.132711,42,A,2,LTE,-95,-13.0,4.0,8.0,-78.0,2225,42,D,-110.0,-12.0,-8.660162,52.126771,711.21
2018.02.02_11.23.13,-8.656298,52.132711,42,A,2,LTE,-95,-13.0,4.0,8.0,-78.0,2784,50,D,-110.0,-12.0,-8.660162,52.126771,711.21
2018.02.02_11.23.14,-8.656298,52.132711,42,A,2,LTE,-96,-13.0,5.0,8.0,-78.0,4126,69,D,-108.0,-13.0,-8.660162,52.126771,711.21
2018.02.02_11.23.15,-8.656298,52.132711,42,A,2,LTE,-96,-13.0,5.0,8.0,-80.0,5558,129,D,-108.0,-13.0,-8.660162,52.126771,711.21
2018.02.02_11.23.16,-8.656298,52.132711,42,A,2,LTE,-98,-10.0,6.0,8.0,-80.0,3612,68,D,-108.0,-11.0,-8.660162,52.126771,711.21
2018.02.02_11.23.17,-8.656298,52.132711,42,A,2,LTE,-98,-10.0,6.0,8.0,-80.0,3824,94,D,-108.0,-11.0,-8.660162,52.126771,711.21
2018.02.02_11.23.18,-8.656298,52.132711,42,A,2,LTE,-97,-11.0,5.0,8.0,-80.0,3176,81,D,-107.0,-9.0,-8.660162,52.126771,711.21
2018.02.02_11.23.19,-8.656298,52.132711,42,A,2,LTE,-97,-11.0,5.0,9.0,-75.0,3399,68,D,-107.0,-9.0,-8.660162,52.126771,711.21
2018.02.02_11.23.21,-8.656298,52.132711,42,A,2,LTE,-100,-14.0,3.0,6.0,-83.0,1644,32,D,-103.0,-16.0,-8.660162,52.126771,711.21
2018.02.02_11.23.22,-8.656298,52.132711,42,A,2,LTE,-100,-14.0,3.0,7.0,-81.0,2438,45,D,-103.0,-16.0,-8.660162,52.126771,711.21
2018.02.02_11.23.23,-8.656298,52.132711,42,A,2,LTE,-100,-11.0,2.0,6.0,-83.0,2259,43,D,-112.0,-16.0,-8.660162,52.126771,711.21
2018.02.02_11.23.24,-8.656298,52.132711,42,A,2,LTE,-100,-11.0,2.0,2.0,-81.0,4350,81,D,-112.0,-16.0,-8.660162,52.126771,711.21
2018.02.02_11.23.25,-8.656298,52.132711,42,A,2,LTE,-99,-12.0,-2.0,6.0,-83.0,11130,227,D,-112.0,-16.0,-8.662525,52.115446,1966.28
2018.02.02_11.23.27,-8.656298,52.132711,42,A,2,LTE,-99,-12.0,-2.0,6.0,-83.0,6605,140,D,-102.0,-14.0,-8.662525,52.115446,1966.28
2018.02.02_11.23.28,-8.656298,52.132711,42,A,2,LTE,-101,-13.0,0.0,6.0,-83.0,5211,96,D,-106.0,-18.0,-8.662525,52.115446,1966.28
2018.02.02_11.23.29,-8.656298,52.132711,42,A,2,LTE,-101,-13.0,0.0,5.0,-88.0,13745,258,D,-106.0,-18.0,-8.662525,52.115446,1966.28
2018.02.02_11.23.30,-8.656298,52.132711,42,A,2,LTE,-103,-14.0,2.0,6.0,-86.0,9092,169,D,-107.0,-16.0,-8.662525,52.115446,1966.28
2018.02.02_11.23.31,-8.656298,52.132711,42,A,2,LTE,-103,-14.0,2.0,7.0,-91.0,6811,126,D,-107.0,-16.0,-8.662525,52.115446,1966.28
2018.02.02_11.23.32,-8.656298,52.132711,42,A,2,LTE,-112,-16.0,-1.0,4.0,-94.0,1431,54,D,-111.0,-15.0,-8.662525,52.115446,1966.28
2018.02.02_11.23.33,-8.656298,52.132711,42,A,2,LTE,-112,-16.0,-1.0,2.0,-87.0,8108,465,D,-111.0,-15.0,-8.662525,52.115446,1966.28
2018.02.02_11.23.34,-8.656298,52.132711,42,A,2,LTE,-104,-13.0,9.0,11.0,-85.0,1689,97,D,-111.0,-15.0,-8.660162,52.126771,711.21
2018.02.02_11.23.36,-8.656298,52.132711,42,A,2,LTE,-104,-13.0,-12.0,11.0,-85.0,19739,611,D,-68.17554240631164,-21.06313645621181,-8.660162,52.126771,711.21
2018.02.02_11.23.37,-8.656298,52.132711,42,A,2,LTE,-107,-13.0,6.0,7.0,-90.0,16720,433,D,-117.0,-16.0,-8.660162,52.126771,711.21
2018.02.02_11.23.38,-8.656298,52.132711,42,A,2,LTE,-107,-13.0,6.0,7.0,-90.0,21674,391,D,-117.0,-16.0,-8.660162,52.126771,711.21
2018.02.02_11.23.39,-8.656298,52.132711,42,A,2,LTE,-106,-13.0,6.0,6.0,-87.0,20624,449,D,-118.0,-17.0,-8.660162,52.126771,711.21
2018.02.02_11.23.40,-8.656298,52.132711,42,A,2,LTE,-106,-13.0,6.0,7.0,-92.0,10613,251,D,-118.0,-17.0,-8.660162,52.126771,711.21
2018.02.02_11.23.41,-8.656298,52.132711,42,A,2,LTE,-109,-14.0,3.0,7.0,-94.0,14908,273,D,-114.0,-18.0,-8.660162,52.126771,711.21
2018.02.02_11.23.42,-8.656298,52.132711,42,A,2,LTE,-109,-14.0,3.0,6.0,-94.0,12637,230,D,-114.0,-18.0,-8.660162,52.126771,711.21
2018.02.02_11.23.43,-8.656298,52.132711,42,A,2,LTE,-114,-15.0,1.0,6.0,-83.30932203389831,17637,403,D,-118.0,-18.0,-8.660162,52.126771,711.21
2018.02.02_11.23.44,-8.656298,52.132711,42,A,2,LTE,-114,-15.0,1.0,6.0,-92.0,12973,300,D,-118.0,-18.0,-8.660162,52.126771,711.21
2018.02.02_11.23.46,-8.656298,52.132711,42,A,2,LTE,-111,-14.0,2.0,6.0,-94.0,17905,314,D,-123.0,-19.0,-8.660162,52.126771,711.21
2018.02.02_11.23.47,-8.656298,52.132711,42,A,2,LTE,-111,-14.0,2.0,6.0,-92.0,12089,220,D,-123.0,-19.0,-8.660162,52.126771,711.21
2018.02.02_11.23.48,-8.656298,52.132711,42,A,2,LTE,-109,-12.0,3.0,6.0,-94.0,15892,292,D,-68.17554240631164,-21.06313645621181,-8.660162,52.126771,711.21
2018.02.02_11.23.49,-8.656298,52.132711,42,A,2,LTE,-109,-12.0,3.0,6.0,-94.0,18968,339,D,-68.17554240631164,-21.06313645621181,-8.660162,52.126771,711.21
2018.02.02_11.23.50,-8.656298,52.132711,42,A,2,LTE,-111,-14.0,4.0,7.0,-90.0,12391,221,D,-121.0,-18.0,-8.660162,52.126771,711.21
2018.02.02_11.23.51,-8.656298,52.132711,42,A,2,LTE,-111,-14.0,4.0,7.0,-90.0,11060,203,D,-121.0,-18.0,-8.660162,52.126771,711.21
2018.02.02_11.23.52,-8.656298,52.132711,42,A,2,LTE,-106,-18.0,-2.0,9.0,-78.0,18218,335,D,-104.0,-17.0,-8.660162,52.126771,711.21
2018.02.02_11.23.53,-8.656298,52.132711,42,A,2,LTE,-106,-18.0,-2.0,4.0,-83.30932203389831,11975,304,D,-104.0,-17.0,-8.660162,52.126771,711.21
2018.02.02_11.23.55,-8.656298,52.132711,42,A,2,LTE,-99,-15.0,-1.0,6.0,-82.0,8611,162,D,-97.0,-13.0,-8.660162,52.126771,711.21
2018.02.02_11.23.56,-8.656298,52.132711,42,A,2,LTE,-99,-15.0,-1.0,10.0,-76.0,11060,287,D,-97.0,-13.0,-8.660162,52.126771,711.21
2018.02.02_11.23.57,-8.656298,52.132711,42,A,2,LTE,-93,-12.0,-1.0,7.0,-80.0,13085,237,D,-97.0,-13.0,-8.662525,52.115446,1966.28
2018.02.02_11.23.58,-8.656298,52.132711,42,A,2,LTE,-93,-12.0,-1.0,7.0,-91.0,11262,204,D,-110.0,-17.0,-8.662525,52.115446,1966.28
2018.02.02_11.23.59,-8.656298,52.132711,42,A,2,LTE,-108,-14.0,6.0,12.0,-80.0,16272,297,D,-105.0,-15.0,-8.662525,52.115446,1966.28
2018.02.02_11.24.00,-8.656298,52.132711,42,A,2,LTE,-108,-14.0,6.0,2.0,-89.0,6587,120,D,-105.0,-15.0,-8.662525,52.115446,1966.28
2018.02.02_11.24.01,-8.656298,52.132711,42,A,2,LTE,-106,-14.0,1.0,2.0,-89.0,6050,134,D,-105.0,-15.0,-8.660162,52.126771,711.21
2018.02.02_11.24.03,-8.656298,52.132711,42,A,2,LTE,-106,-14.0,1.0,6.0,-80.0,4294,107,D,-110.0,-18.0,-8.660162,52.126771,711.21
2018.02.02_11.24.04,-8.656298,52.132711,42,A,2,LTE,-103,-15.0,-5.0,5.0,-86.0,8757,159,D,-110.0,-18.0,-8.662525,52.115446,1966.28
2018.02.02_11.24.05,-8.656298,52.132711,42,A,2,LTE,-103,-15.0,-5.0,4.0,-90.0,8712,162,D,-105.0,-17.0,-8.662525,52.115446,1966.28
2018.02.02_11.24.06,-8.656298,52.132711,42,A,2,LTE,-107,-17.0,-5.0,4.0,-90.0,9987,187,D,-107.0,-15.0,-8.662525,52.115446,1966.28
2018.02.02_11.24.07,-8.656298,52.132711,42,A,2,LTE,-107,-17.0,-5.0,6.0,-91.0,11899,222,D,-107.0,-15.0,-8.662525,52.115446,1966.28
2018.02.02_11.24.08,-8.656298,52.132711,42,A,2,LTE,-107,-11.0,-12.0,6.0,-91.0,6218,115,D,-107.0,-15.0,-8.660162,52.126771,711.21
2018.02.02_11.24.10,-8.656298,52.132711,42,A,2,LTE,-107,-11.0,-12.0,2.0,-84.0,2617,46,D,-107.0,-12.0,-8.660162,52.126771,711.21
2018.02.02_11.24.11,-8.656298,52.132711,42,A,2,LTE,-101,-13.0,-7.0,5.0,-92.0,4920,99,D,-107.0,-12.0,-8.662525,52.115446,1966.28
2018.02.02_11.24.12,-8.656298,52.132711,42,A,2,LTE,-101,-13.0,-7.0,2.0,-90.0,7068,131,D,-108.0,-16.0,-8.662525,52.115446,1966.28
2018.02.02_11.24.13,-8.656298,52.132711,42,A,2,LTE,-107,-15.0,-11.0,2.0,-90.0,8745,164,D,-108.0,-16.0,-8.660162,52.126771,711.21
2018.02.02_11.24.14,-8.656298,52.132711,42,A,2,LTE,-107,-15.0,-11.0,5.0,-86.0,11407,211,D,-110.0,-17.0,-8.660162,52.126771,711.21
2018.02.02_11.24.15,-8.656298,52.132711,42,A,2,LTE,-103,-13.0,-2.0,5.0,-86.0,15098,274,D,-112.0,-13.0,-8.660162,52.126771,711.21
2018.02.02_11.24.16,-8.656298,52.132711,42,A,2,LTE,-103,-13.0,-2.0,7.0,-89.0,8667,156,D,-112.0,-13.0,-8.660162,52.126771,711.21
2018.02.02_11.24.18,-8.656298,52.132711,42,A,2,LTE,-105,-17.0,-1.0,7.0,-89.0,3836,70,D,-104.0,-16.0,-8.660162,52.126771,711.21
2018.02.02_11.24.19,-8.656298,52.132711,42,A,2,LTE,-105,-17.0,-1.0,5.0,-91.0,3120,58,D,-104.0,-16.0,-8.660162,52.126771,711.21
2018.02.02_11.24.20,-8.656298,52.132711,42,A,2,LTE,-111,-16.0,-4.0,4.0,-94.0,1386,48,D,-114.0,-15.0,-8.660162,52.126771,711.21
2018.02.02_11.24.21,-8.656298,52.132711,42,A,2,LTE,-111,-16.0,-4.0,4.0,-92.0,3757,87,D,-114.0,-15.0,-8.660162,52.126771,711.21
2018.02.02_11.24.22,-8.656298,52.132711,42,A,2,LTE,-102,-13.0,-9.0,2.0,-85.0,4954,133,D,-114.0,-15.0,-8.662525,52.115446,1966.28
2018.02.02_11.24.23,-8.656298,52.132711,42,A,2,LTE,-102,-13.0,-9.0,6.0,-87.0,18878,335,D,-68.17554240631164,-21.06313645621181,-8.662525,52.115446,1966.28
2018.02.02_11.24.24,-8.656298,52.132711,42,A,2,LTE,-104,-13.0,1.0,10.0,-82.0,14393,259,D,-116.0,-20.0,-8.662525,52.115446,1966.28
2018.02.02_11.24.26,-8.656298,52.132711,42,A,2,LTE,-104,-13.0,1.0,10.0,-82.0,22211,384,D,-116.0,-20.0,-8.662525,52.115446,1966.28
2018.02.02_11.24.27,-8.656298,52.132711,42,A,2,LTE,-99,-12.0,10.0,8.0,-86.0,20008,360,D,-68.17554240631164,-21.06313645621181,-8.662525,52.115446,1966.28
2018.02.02_11.24.28,-8.656298,52.132711,42,A,2,LTE,-99,-12.0,10.0,8.0,-89.0,17458,309,D,-68.17554240631164,-21.06313645621181,-8.662525,52.115446,1966.28
2018.02.02_11.24.29,-8.656298,52.132711,42,A,2,LTE,-106,-13.0,7.0,8.0,-89.0,17782,308,D,-115.0,-19.0,-8.662525,52.115446,1966.28
2018.02.02_11.24.30,-8.656298,52.132711,42,A,2,LTE,-106,-13.0,7.0,9.0,-87.0,26450,452,D,-115.0,-19.0,-8.662525,52.115446,1966.28
2018.02.02_11.24.31,-8.656298,52.132711,42,A,2,LTE,-104,-11.0,9.0,10.0,-84.0,30834,531,D,-68.17554240631164,-21.06313645621181,-8.662525,52.115446,1966.28
2018.02.02_11.24.32,-8.656298,52.132711,42,A,2,LTE,-104,-11.0,9.0,10.0,-84.0,34603,608,D,-68.17554240631164,-21.06313645621181,-8.662525,52.115446,1966.28
2018.02.02_11.24.33,-8.656298,52.132711,42,A,2,LTE,-101,-12.0,13.0,10.0,-84.0,47543,822,D,-68.17554240631164,-21.06313645621181,-8.662525,52.115446,1966.28
2018.02.02_11.24.34,-8.656298,52.132711,42,A,2,LTE,-101,-12.0,13.0,10.0,-82.0,30242,521,D,-68.17554240631164,-21.06313645621181,-8.662525,52.115446,1966.28
2018.02.02_11.24.35,-8.656298,52.132711,42,A,2,LTE,-99,-12.0,7.0,9.0,-85.0,25745,449,D,-68.17554240631164,-21.06313645621181,-8.662525,52.115446,1966.28
2018.02.02_11.24.37,-8.656298,52.132711,42,A,2,LTE,-99,-12.0,11.0,6.0,-93.0,2930,55,D,-68.17554240631164,-21.06313645621181,-8.662525,52.115446,1966.28
2018.02.02_11.24.38,-8.656298,52.132711,42,A,2,LTE,-110,-14.0,6.0,9.0,-89.0,9440,410,D,-114.0,-18.0,-8.662525,52.115446,1966.28
2018.02.02_11.24.39,-8.656298,52.132711,42,A,2,LTE,-110,-14.0,6.0,10.0,-86.0,18095,323,D,-114.0,-18.0,-8.662525,52.115446,1966.28
2018.02.02_11.24.40,-8.656298,52.132711,42,A,2,LTE,-103,-11.0,8.0,10.0,-86.0,20600,364,D,-113.0,-18.0,-8.662525,52.115446,1966.28
2018.02.02_11.24.41,-8.656298,52.132711,42,A,2,LTE,-103,-11.0,8.0,6.0,-94.0,12626,228,D,-113.0,-18.0,-8.662525,52.115446,1966.28
2018.02.02_11.24.42,-8.656298,52.132711,42,A,2,LTE,-113,-13.0,8.0,7.0,-94.0,5379,150,D,-115.0,-17.0,-8.662525,52.115446,1966.28
2018.02.02_11.24.43,-8.656298,52.132711,42,A,2,LTE,-113,-13.0,8.0,7.0,-94.0,6363,332,D,-115.0,-17.0,-8.662525,52.115446,1966.28
2018.02.02_11.24.45,-8.656298,52.132711,42,A,2,LTE,-123,-17.0,-5.0,4.0,-94.0,1979,37,D,-123.0,-17.0,-8.662525,52.115446,1966.28
2018.02.02_11.24.46,-8.656298,52.132711,42,A,2,LTE,-123,-17.0,-1.0,4.0,-94.0,1375,74,D,-123.0,-17.0,-8.662525,52.115446,1966.28
2018.02.02_11.24.47,-8.656298,52.132711,42,A,1,LTE,-122,-16.0,-7.0,2.0,-83.30932203389831,10423,312,D,-123.0,-17.0,-8.766301,52.122207,7599.46
2018.02.02_11.24.48,-8.656298,52.132711,42,A,1,LTE,-122,-16.0,-7.0,9.0,-94.0,34368,733,D,-68.17554240631164,-21.06313645621181,-8.766301,52.122207,7599.46
2018.02.02_11.24.49,-8.656298,52.132711,42,A,1,LTE,-113,-13.0,1.0,10.0,-94.0,31337,557,D,-68.17554240631164,-21.06313645621181,-8.766301,52.122207,7599.46
2018.02.02_11.24.50,-8.656298,52.132711,42,A,1,LTE,-113,-13.0,1.0,9.0,-94.0,25857,622,D,-68.17554240631164,-21.06313645621181,-8.766301,52.122207,7599.46
2018.02.02_11.24.51,-8.656298,52.132711,42,A,1,LTE,-114,-12.0,4.0,9.0,-94.0,19974,384,D,-116.0,-15.0,-8.766301,52.122207,7599.46
2018.02.02_11.24.52,-8.656298,52.132711,42,A,1,LTE,-114,-12.0,4.0,9.0,-94.0,17346,346,D,-116.0,-15.0,-8.766301,52.122207,7599.46
2018.02.02_11.24.53,-8.656298,52.132711,42,A,1,LTE,-115,-13.0,4.0,9.0,-94.0,15299,280,D,-68.17554240631164,-21.06313645621181,-8.766301,52.122207,7599.46
2018.02.02_11.24.55,-8.656298,52.132711,42,A,1,LTE,-115,-13.0,4.0,6.0,-94.0,8354,149,D,-68.17554240631164,-21.06313645621181,-8.766301,52.122207,7599.46
2018.02.02_11.24.56,-8.656298,52.132711,42,A,1,LTE,-120,-17.0,-2.0,4.0,-94.0,2236,40,D,-120.0,-17.0,-8.766301,52.122207,7599.46
2018.02.02_11.24.57,-8.656298,52.132711,42,A,1,LTE,-120,-17.0,-2.0,2.0,-94.0,1051,50,D,-120.0,-17.0,-8.766301,52.122207,7599.46
2018.02.02_11.24.58,-8.656298,52.132711,42,A,1,LTE,-121,-17.0,-7.0,5.0,-94.0,9875,220,D,-123.0,-20.0,-8.766301,52.122207,7599.46
2018.02.02_11.24.59,-8.656298,52.132711,42,A,1,LTE,-121,-17.0,-7.0,4.0,-94.0,2952,54,D,-123.0,-20.0,-8.766301,52.122207,7599.46
2018.02.02_11.25.00,-8.656298,52.132711,42,A,1,LTE,-119,-17.0,-5.0,4.0,-94.0,1789,56,D,-119.0,-15.0,-8.766301,52.122207,7599.46
2018.02.02_11.25.01,-8.656298,52.132711,42,A,1,LTE,-119,-17.0,-5.0,2.0,-94.0,3142,81,D,-119.0,-15.0,-8.766301,52.122207,7599.46
2018.02.02_11.25.02,-8.656298,52.132711,42,A,2,LTE,-115,-14.0,-12.0,7.0,-94.0,8645,159,D,-119.0,-15.0,-8.662525,52.115446,1966.28
2018.02.02_11.25.03,-8.656298,52.132711,42,A,2,LTE,-115,-14.0,-12.0,7.0,-94.0,8052,148,D,-122.0,-19.0,-8.662525,52.115446,1966.28
2018.02.02_11.25.05,-8.656298,52.132711,42,A,2,LTE,-116,-14.0,0.0,7.0,-94.0,5334,99,D,-119.0,-14.0,-8.662525,52.115446,1966.28
2018.02.02_11.25.06,-8.656298,52.132711,42,A,2,LTE,-116,-14.0,0.0,7.0,-94.0,6307,117,D,-119.0,-14.0,-8.662525,52.115446,1966.28
2018.02.02_11.25.07,-8.656298,52.132711,42,A,2,LTE,-116,-14.0,0.0,7.0,-94.0,3724,69,D,-121.0,-15.0,-8.662525,52.115446,1966.28
2018.02.02_11.25.08,-8.656298,52.132711,42,A,2,LTE,-116,-14.0,0.0,6.0,-94.0,2572,47,D,-121.0,-15.0,-8.662525,52.115446,1966.28
2018.02.02_11.25.09,-8.656298,52.132711,42,A,2,LTE,-119,-15.0,0.0,10.0,-94.0,5916,109,D,-119.0,-16.0,-8.662525,52.115446,1966.28
2018.02.02_11.25.10,-8.656298,52.132711,42,A,2,LTE,-119,-15.0,0.0,10.0,-94.0,4652,83,D,-119.0,-16.0,-8.662525,52.115446,1966.28
2018.02.02_11.25.11,-8.656298,52.132711,42,A,2,LTE,-115,-14.0,1.0,8.0,-94.0,11541,205,D,-121.0,-18.0,-8.662525,52.115446,1966.28
2018.02.02_11.25.12,-8.656298,52.132711,42,A,2,LTE,-115,-14.0,1.0,10.0,-94.0,14483,263,D,-121.0,-18.0,-8.662525,52.115446,1966.28
2018.02.02_11.25.13,-8.656298,52.132711,42,A,2,LTE,-113,-13.0,4.0,10.0,-94.0,12593,227,D,-115.0,-15.0,-8.662525,52.115446,1966.28
2018.02.02_11.25.15,-8.656298,52.132711,42,A,2,LTE,-113,-13.0,4.0,7.0,-93.0,11821,210,D,-115.0,-15.0,-8.662525,52.115446,1966.28
2018.02.02_11.25.16,-8.656298,52.132711,42,A,2,LTE,-113,-15.0,4.0,9.0,-94.0,3813,186,D,-110.0,-13.0,-8.662525,52.115446,1966.28
2018.02.02_11.25.17,-8.656298,52.132711,42,A,2,LTE,-113,-15.0,4.0,8.0,-94.0,3086,94,D,-110.0,-13.0,-8.662525,52.115446,1966.28
2018.02.02_11.25.18,-8.656298,52.132711,42,A,1,LTE,-107,-9.0,-6.0,8.0,-94.0,5569,211,D,-110.0,-13.0,-8.766301,52.122207,7599.46
2018.02.02_11.25.19,-8.656298,52.132711,42,A,1,LTE,-107,-9.0,-6.0,7.0,-83.30932203389831,19829,532,D,-68.17554240631164,-21.06313645621181,-8.766301,52.122207,7599.46
2018.02.02_11.25.20,-8.656298,52.132711,42,A,1,LTE,-110,-13.0,-1.0,7.0,-83.30932203389831,22916,536,D,-68.17554240631164,-21.06313645621181,-8.766301,52.122207,7599.46
2018.02.02_11.25.21,-8.656298,52.132711,42,A,1,LTE,-110,-13.0,-1.0,2.0,-90.0,19035,352,D,-68.17554240631164,-21.06313645621181,-8.766301,52.122207,7599.46
2018.02.02_11.25.22,-8.656298,52.132711,42,A,2,LTE,-109,-15.0,-4.0,8.0,-92.0,9215,171,D,-68.17554240631164,-21.06313645621181,-8.662525,52.115446,1966.28
2018.02.02_11.25.24,-8.656298,52.132711,42,A,2,LTE,-109,-15.0,-4.0,7.0,-94.0,14360,264,D,-112.0,-13.0,-8.662525,52.115446,1966.28
2018.02.02_11.25.25,-8.656298,52.132711,42,A,1,LTE,-112,-13.0,-2.0,7.0,-94.0,22446,404,D,-112.0,-13.0,-8.766301,52.122207,7599.46
2018.02.02_11.25.26,-8.656298,52.132711,42,A,1,LTE,-112,-13.0,-2.0,7.0,-94.0,17079,313,D,-68.17554240631164,-21.06313645621181,-8.766301,52.122207,7599.46
2018.02.02_11.25.27,-8.656298,52.132711,42,A,1,LTE,-119,-16.0,-3.0,6.0,-94.0,17424,391,D,-119.0,-17.0,-8.766301,52.122207,7599.46
2018.02.02_11.25.28,-8.656298,52.132711,42,A,1,LTE,-119,-16.0,-3.0,6.0,-83.30932203389831,5636,165,D,-119.0,-17.0,-8.766301,52.122207,7599.46
2018.02.02_11.25.30,-8.656298,52.132711,42,A,6,LTE,-116,-19.0,-7.0,7.0,-94.0,1330,53,D,-119.0,-17.0,-8.761972,52.1286,7227.61
2018.02.02_11.25.31,-8.656298,52.132711,42,A,57094,HSPA+,-200,,,,-83.30932203389831,1442,27,D,-114.0,-17.0,-8.761972,52.1286,7227.61
2018.02.02_11.25.32,-8.656298,52.132711,42,A,57094,HSPA+,-79,-2.0,,,-83.30932203389831,2527,50,D,-114.0,-17.0,,,
2018.02.02_11.25.33,-8.656298,52.132711,42,A,57094,HSPA+,-79,-2.0,,,-83.30932203389831,1420,26,D,-51.0,-24.0,,,
2018.02.02_11.25.34,-8.656298,52.132711,42,A,57094,HSPA+,-85,-2.0,,,-83.30932203389831,0,0,D,-51.0,-24.0,,,
2018.02.02_11.25.35,-8.656298,52.132711,42,A,57094,HSPA+,-85,-2.0,,,-83.30932203389831,1096,25,D,-51.0,-24.0,,,
2018.02.02_11.25.36,-8.656298,52.132711,42,A,57094,HSPA+,-81,-2.0,,,-83.30932203389831,864,18,D,-51.0,-24.0,,,
2018.02.02_11.25.38,-8.656298,52.132711,42,A,57094,HSPA+,-81,-2.0,,,-83.30932203389831,1790,33,D,-51.0,-24.0,,,
2018.02.02_11.25.39,-8.656298,52.132711,42,A,57094,HSPA+,-79,-2.0,,,-83.30932203389831,1118,21,D,-51.0,-24.0,,,
2018.02.02_11.25.40,-8.656298,52.132711,42,A,57094,HSPA+,-79,-2.0,,,-83.30932203389831,290,7,D,-51.0,-24.0,,,
2018.02.02_11.25.41,-8.656298,52.132711,42,A,57094,HSPA+,-79,-2.0,,,-83.30932203389831,603,12,D,-51.0,-24.0,,,
2018.02.02_11.25.42,-8.656298,52.132711,42,A,57094,HSPA+,-79,-2.0,,,-83.30932203389831,984,18,D,-51.0,-24.0,,,
2018.02.02_11.25.43,-8.656298,52.132711,42,A,57094,HSPA+,-75,-2.0,,,-83.30932203389831,1409,26,D,-51.0,-24.0,,,
2018.02.02_11.25.44,-8.656298,52.132711,42,A,57094,HSPA+,-75,-2.0,,,-83.30932203389831,1196,37,D,-51.0,-24.0,,,
2018.02.02_11.25.45,-8.656298,52.132711,42,A,57094,HSPA+,-73,-2.0,,,-83.30932203389831,2572,136,D,-51.0,-24.0,,,
2018.02.02_11.25.46,-8.656298,52.132711,42,A,57094,HSPA+,-73,-2.0,,,-83.30932203389831,2471,134,D,-51.0,-24.0,,,
2018.02.02_11.25.47,-8.656298,52.132711,42,A,57094,HSPA+,-75,-2.0,,,-83.30932203389831,1565,54,D,-51.0,-24.0,,,
2018.02.02_11.25.49,-8.656298,52.132711,42,A,57094,HSPA+,-75,-2.0,,,-83.30932203389831,2247,42,D,-51.0,-24.0,,,
2018.02.02_11.25.50,-8.656298,52.132711,42,A,57094,HSPA+,-71,-2.0,,,-83.30932203389831,2494,46,D,-51.0,-24.0,,,
2018.02.02_11.25.51,-8.656298,52.132711,42,A,57094,HSPA+,-71,-2.0,,,-83.30932203389831,3634,67,D,-51.0,-24.0,,,
2018.02.02_11.25.52,-8.656298,52.132711,42,A,57094,HSPA+,-71,-2.0,,,-83.30932203389831,4764,84,D,-51.0,-24.0,,,
2018.02.02_11.25.53,-8.656298,52.132711,42,A,57094,HSPA+,-71,-2.0,,,-83.30932203389831,1588,28,D,-51.0,-24.0,,,
2018.02.02_11.25.54,-8.656298,52.132711,42,A,57094,HSPA+,-75,-2.0,,,-83.30932203389831,3109,59,D,-51.0,-24.0,,,
2018.02.02_11.25.55,-8.656298,52.132711,42,A,57094,HSPA+,-75,-2.0,,,-83.30932203389831,2639,49,D,-51.0,-24.0,,,
2018.02.02_11.25.56,-8.656298,52.132711,42,A,57094,HSPA+,-79,-2.0,,,-83.30932203389831,648,13,D,-51.0,-24.0,,,
2018.02.02_11.26.00,-8.656298,52.132711,42,A,57094,HSPA+,-87,-2.0,,,-83.30932203389831,11,0,D,-51.0,-24.0,,,
2018.02.02_11.26.01,-8.656298,52.132711,42,A,57094,HSPA+,-87,-2.0,,,-83.30932203389831,0,0,D,-51.0,-24.0,,,
2018.02.02_11.26.03,-8.656298,52.132711,42,A,57094,HSPA+,-87,-2.0,,,-83.30932203389831,0,0,D,-51.0,-24.0,,,
2018.02.02_11.26.04,-8.656298,52.132711,42,A,57094,HSPA+,-87,-2.0,,,-83.30932203389831,0,0,D,-51.0,-24.0,,,
2018.02.02_11.26.33,-8.656298,52.132711,42,A,0,HSPA+,-87,-2.0,,,-83.30932203389831,0,0,D,-51.0,-24.0,,,
2018.02.02_11.26.35,-8.656298,52.132711,42,A,0,HSPA+,-87,-2.0,,,-83.30932203389831,0,0,D,-68.17554240631164,-21.06313645621181,,,
2018.02.02_11.26.36,-8.656298,52.132711,42,A,45338,HSPA+,-87,-2.0,,,-83.30932203389831,0,0,D,-68.17554240631164,-21.06313645621181,,,
2018.02.02_11.26.37,-8.656298,52.132711,42,A,45338,EDGE,-51,,,,-83.30932203389831,0,0,D,-51.0,-21.06313645621181,,,
2018.02.02_11.26.39,-8.656298,52.132711,42,A,45338,EDGE,-51,,,,-83.30932203389831,0,6,D,-51.0,-21.06313645621181,,,
2018.02.02_11.26.40,-8.656298,52.132711,42,A,45338,EDGE,-51,,,,-83.30932203389831,0,0,D,-51.0,-21.06313645621181,,,
2018.02.02_11.26.41,-8.656298,52.132711,42,A,45338,EDGE,-51,,,,-83.30932203389831,0,0,D,-51.0,-21.06313645621181,,,
2018.02.02_11.26.42,-8.656298,52.132711,42,A,45338,EDGE,-51,,,,-83.30932203389831,0,0,D,-51.0,-21.06313645621181,,,
2018.02.02_11.26.43,-8.656298,52.132711,42,A,45977,EDGE,-51,,,,-83.30932203389831,0,0,D,-51.0,-21.06313645621181,,,
2018.02.02_11.26.44,-8.656298,52.132711,42,A,45977,EDGE,-51,,,,-83.30932203389831,0,0,D,-51.0,-21.06313645621181,,,
2018.02.02_11.26.45,-8.656298,52.132711,42,A,45977,EDGE,-51,,,,-83.30932203389831,4,4,D,-51.0,-21.06313645621181,,,
2018.02.02_11.26.47,-8.656298,52.132711,42,A,45977,EDGE,-51,,,,-83.30932203389831,0,0,I,-51.0,-21.06313645621181,,,
2018.02.02_11.26.48,-8.656298,52.132711,42,A,45977,EDGE,-51,,,,-83.30932203389831,0,1,D,-51.0,-21.06313645621181,,,
2018.02.02_11.26.49,-8.656298,52.132711,42,A,45977,EDGE,-51,,,,-83.30932203389831,0,2,D,-51.0,-21.06313645621181,,,
2018.02.02_11.26.50,-8.656298,52.132711,42,A,45977,EDGE,-51,,,,-83.30932203389831,33,1,D,-51.0,-21.06313645621181,,,
2018.02.02_11.26.51,-8.656298,52.132711,42,A,45977,EDGE,-51,,,,-83.30932203389831,217,7,D,-51.0,-21.06313645621181,,,
2018.02.02_11.26.53,-8.656298,52.132711,42,A,45977,EDGE,-51,,,,-83.30932203389831,202,4,D,-51.0,-21.06313645621181,,,
2018.02.02_11.26.54,-8.656298,52.132711,42,A,45977,EDGE,-51,,,,-83.30932203389831,247,10,D,-51.0,-21.06313645621181,,,
2018.02.02_11.26.54,-8.656298,52.132711,42,A,6,LTE,-98,-6.0,11.0,2.0,-81.0,33,0,D,-51.0,-21.06313645621181,-8.761972,52.1286,7227.61
2018.02.02_11.26.55,-8.656298,52.132711,42,A,6,LTE,-98,-6.0,11.0,11.0,-86.0,0,4,D,-68.17554240631164,-21.06313645621181,-8.761972,52.1286,7227.61
2018.02.02_11.26.56,-8.656298,52.132711,42,A,6,LTE,-103,-14.0,11.0,10.0,-91.0,3,0,D,-68.17554240631164,-21.06313645621181,-8.761972,52.1286,7227.61
2018.02.02_11.26.57,-8.656298,52.132711,42,A,6,LTE,-103,-14.0,11.0,9.0,-83.30932203389831,4563,102,D,-68.17554240631164,-21.06313645621181,-8.761972,52.1286,7227.61
2018.02.02_11.26.58,-8.656298,52.132711,42,A,6,LTE,-107,-14.0,8.0,9.0,-83.30932203389831,4518,84,D,-68.17554240631164,-21.06313645621181,-8.761972,52.1286,7227.61
2018.02.02_11.27.00,-8.656298,52.132711,42,A,6,LTE,-107,-14.0,8.0,9.0,-83.30932203389831,4093,96,D,-68.17554240631164,-21.06313645621181,-8.761972,52.1286,7227.61
2018.02.02_11.27.01,-8.656298,52.132711,42,A,6,LTE,-105,-15.0,6.0,9.0,-85.0,7090,131,D,-68.17554240631164,-21.06313645621181,-8.761972,52.1286,7227.61
2018.02.02_11.27.02,-8.656298,52.132711,42,A,6,LTE,-105,-15.0,6.0,9.0,-83.30932203389831,7828,144,D,-68.17554240631164,-21.06313645621181,-8.761972,52.1286,7227.61
2018.02.02_11.27.03,-8.656298,52.132711,42,A,6,LTE,-102,-14.0,12.0,9.0,-81.0,9651,179,D,-68.17554240631164,-21.06313645621181,-8.761972,52.1286,7227.61
2018.02.02_11.27.04,-8.656298,52.132711,42,A,6,LTE,-102,-14.0,12.0,12.0,-87.0,10691,198,D,-68.17554240631164,-21.06313645621181,-8.761972,52.1286,7227.61
2018.02.02_11.27.05,-8.656298,52.132711,42,A,6,LTE,-104,-14.0,13.0,12.0,-87.0,4730,94,D,-68.17554240631164,-21.06313645621181,-8.761972,52.1286,7227.61
2018.02.02_11.27.06,-8.656298,52.132711,42,A,6,LTE,-104,-14.0,13.0,9.0,-94.0,6117,159,D,-68.17554240631164,-21.06313645621181,-8.761972,52.1286,7227.61
2018.02.02_11.27.07,-8.656298,52.132711,42,A,6,LTE,-111,-15.0,9.0,11.0,-85.0,13454,250,D,-92.0,-12.0,-8.761972,52.1286,7227.61
2018.02.02_11.27.08,-8.656298,52.132711,42,A,6,LTE,-111,-15.0,9.0,11.0,-82.0,7538,166,D,-92.0,-12.0,-8.761972,52.1286,7227.61
2018.02.02_11.27.10,-8.656298,52.132711,42,A,6,LTE,-100,-15.0,11.0,11.0,-82.0,6229,116,D,-68.17554240631164,-21.06313645621181,-8.761972,52.1286,7227.61
2018.02.02_11.27.11,-8.656298,52.132711,42,A,6,LTE,-100,-15.0,11.0,9.0,-85.0,3019,56,D,-68.17554240631164,-21.06313645621181,-8.761972,52.1286,7227.61
2018.02.02_11.27.12,-8.656298,52.132711,42,A,6,LTE,-103,-14.0,7.0,7.0,-94.0,6542,122,D,-68.17554240631164,-21.06313645621181,-8.761972,52.1286,7227.61
2018.02.02_11.27.13,-8.656298,52.132711,42,A,6,LTE,-103,-14.0,7.0,7.0,-94.0,4495,106,D,-68.17554240631164,-21.06313645621181,-8.761972,52.1286,7227.61
2018.02.02_11.27.15,-8.656298,52.132711,42,A,6,LTE,-110,-15.0,5.0,7.0,-94.0,1409,48,D,-68.17554240631164,-21.06313645621181,-8.761972,52.1286,7227.61
2018.02.02_11.27.16,-8.656298,52.132711,42,A,6,LTE,-110,-15.0,5.0,7.0,-94.0,1778,33,D,-68.17554240631164,-21.06313645621181,-8.761972,52.1286,7227.61
2018.02.02_11.27.17,-8.656298,52.132711,42,A,6,LTE,-109,-15.0,4.0,8.0,-92.0,4361,81,D,-95.0,-12.0,-8.761972,52.1286,7227.61
2018.02.02_11.27.18,-8.656298,52.132711,42,A,6,LTE,-109,-15.0,4.0,8.0,-92.0,6408,119,D,-95.0,-12.0,-8.761972,52.1286,7227.61
2018.02.02_11.27.19,-8.656298,52.132711,42,A,6,LTE,-108,-14.0,6.0,11.0,-83.30932203389831,6632,123,D,-91.0,-11.0,-8.761972,52.1286,7227.61
2018.02.02_11.27.20,-8.656298,52.132711,42,A,6,LTE,-108,-14.0,6.0,12.0,-90.0,3064,60,D,-91.0,-11.0,-8.761972,52.1286,7227.61
2018.02.02_11.27.21,-8.656298,52.132711,42,A,6,LTE,-107,-14.0,8.0,12.0,-90.0,5949,111,D,-89.0,-12.0,-8.761972,52.1286,7227.61
2018.02.02_11.27.22,-8.656298,52.132711,42,A,6,LTE,-107,-14.0,8.0,12.0,-90.0,5200,96,D,-89.0,-12.0,-8.761972,52.1286,7227.61
2018.02.02_11.27.23,-8.656298,52.132711,42,A,6,LTE,-106,-14.0,5.0,12.0,-90.0,3556,66,D,-90.0,-10.0,-8.761972,52.1286,7227.61
2018.02.02_11.27.25,-8.656298,52.132711,42,A,6,LTE,-106,-14.0,5.0,12.0,-90.0,2717,68,D,-90.0,-10.0,-8.761972,52.1286,7227.61
2018.02.02_11.27.26,-8.656298,52.132711,42,A,6,LTE,-108,-15.0,9.0,12.0,-90.0,3701,69,D,-86.0,-7.0,-8.761972,52.1286,7227.61
2018.02.02_11.27.27,-8.656298,52.132711,42,A,6,LTE,-108,-15.0,9.0,12.0,-90.0,4909,101,D,-86.0,-7.0,-8.761972,52.1286,7227.61
2018.02.02_11.27.28,-8.656298,52.132711,42,A,6,LTE,-109,-15.0,7.0,8.0,-92.0,2438,76,D,-95.0,-12.0,-8.761972,52.1286,7227.61
2018.02.02_11.27.30,-8.656298,52.132711,42,A,6,LTE,-109,-15.0,7.0,8.0,-94.0,1856,106,D,-95.0,-12.0,-8.761972,52.1286,7227.61
2018.02.02_11.27.31,-8.656298,52.132711,42,A,7,LTE,-105,-22.0,-9.0,2.0,-91.0,100,5,D,-95.0,-12.0,,,
2018.02.02_11.27.36,-8.656298,52.132711,42,A,6,LTE,-102,-14.0,10.0,1.0,-93.0,33,1,D,-100.0,-15.0,-8.761972,52.1286,7227.61
2018.02.02_11.27.37,-8.656298,52.132711,42,A,6,LTE,-102,-14.0,10.0,9.0,-83.30932203389831,15489,378,D,-68.17554240631164,-21.06313645621181,-8.761972,52.1286,7227.61
2018.02.02_11.27.39,-8.656298,52.132711,42,A,6,LTE,-102,-14.0,11.0,9.0,-87.0,4462,83,D,-68.17554240631164,-21.06313645621181,-8.761972,52.1286,7227.61
2018.02.02_11.27.40,-8.656298,52.132711,42,A,6,LTE,-102,-14.0,11.0,9.0,-92.0,4384,189,D,-68.17554240631164,-21.06313645621181,-8.761972,52.1286,7227.61
2018.02.02_11.27.41,-8.656298,52.132711,42,A,6,LTE,-109,-14.0,5.0,10.0,-86.0,6330,195,D,-68.17554240631164,-21.06313645621181,-8.761972,52.1286,7227.61
2018.02.02_11.27.42,-8.656298,52.132711,42,A,6,LTE,-109,-14.0,5.0,10.0,-86.0,2315,44,D,-68.17554240631164,-21.06313645621181,-8.761972,52.1286,7227.61
2018.02.02_11.27.43,-8.656298,52.132711,42,A,6,LTE,-106,-16.0,0.0,10.0,-89.0,984,44,D,-68.17554240631164,-21.06313645621181,-8.761972,52.1286,7227.61
2018.02.02_11.27.44,-8.656298,52.132711,42,A,6,LTE,-106,-16.0,0.0,9.0,-86.0,5938,161,D,-68.17554240631164,-21.06313645621181,-8.761972,52.1286,7227.61
2018.02.02_11.27.45,-8.656298,52.132711,42,A,6,LTE,-107,-16.0,1.0,11.0,-84.0,25946,469,D,-68.17554240631164,-21.06313645621181,-8.761972,52.1286,7227.61
2018.02.02_11.27.46,-8.656298,52.132711,42,A,6,LTE,-107,-16.0,1.0,8.0,-86.0,19393,347,D,-68.17554240631164,-21.06313645621181,-8.761972,52.1286,7227.61
2018.02.02_11.27.47,-8.656298,52.132711,42,A,6,LTE,-103,-15.0,4.0,9.0,-84.0,8499,254,D,-68.17554240631164,-21.06313645621181,-8.761972,52.1286,7227.61
2018.02.02_11.27.48,-8.656298,52.132711,42,A,6,LTE,-103,-15.0,4.0,9.0,-84.0,3075,93,D,-68.17554240631164,-21.06313645621181,-8.761972,52.1286,7227.61
2018.02.02_11.27.50,-8.656298,52.132711,42,A,6,LTE,-102,-15.0,3.0,8.0,-90.0,2527,73,D,-68.17554240631164,-21.06313645621181,-8.761972,52.1286,7227.61
2018.02.02_11.27.51,-8.656298,52.132711,42,A,6,LTE,-102,-15.0,3.0,9.0,-87.0,3053,102,D,-68.17554240631164,-21.06313645621181,-8.761972,52.1286,7227.61
2018.02.02_11.27.52,-8.656298,52.132711,42,A,6,LTE,-104,-16.0,0.0,9.0,-85.0,7940,147,D,-110.0,-19.0,-8.761972,52.1286,7227.61
2018.02.02_11.27.53,-8.656298,52.132711,42,A,6,LTE,-104,-16.0,0.0,7.0,-90.0,33,1,D,-110.0,-19.0,-8.761972,52.1286,7227.61
2018.02.02_11.27.54,-8.656298,52.132711,42,A,6,LTE,-105,-16.0,0.0,9.0,-88.0,5401,143,D,-68.17554240631164,-21.06313645621181,-8.761972,52.1286,7227.61
2018.02.02_11.27.55,-8.656298,52.132711,42,A,6,LTE,-105,-16.0,0.0,6.0,-93.0,2292,42,D,-68.17554240631164,-21.06313645621181,-8.761972,52.1286,7227.61
2018.02.02_11.27.56,-8.656298,52.132711,42,A,6,LTE,-104,-15.0,0.0,9.0,-84.0,13309,245,D,-68.17554240631164,-21.06313645621181,-8.761972,52.1286,7227.61
2018.02.02_11.27.57,-8.656298,52.132711,42,A,6,LTE,-104,-15.0,0.0,9.0,-84.0,1688,60,D,-68.17554240631164,-21.06313645621181,-8.761972,52.1286,7227.61
2018.02.02_11.27.58,-8.656298,52.132711,42,A,6,LTE,-102,-15.0,4.0,6.0,-87.0,3746,69,D,-68.17554240631164,-21.06313645621181,-8.761972,52.1286,7227.61
2018.02.02_11.28.00,-8.656298,52.132711,42,A,6,LTE,-102,-15.0,4.0,6.0,-91.0,11116,205,D,-68.17554240631164,-21.06313645621181,-8.761972,52.1286,7227.61
2018.02.02_11.28.01,-8.656298,52.132711,42,A,6,LTE,-105,-16.0,3.0,10.0,-88.0,17793,327,D,-68.17554240631164,-21.06313645621181,-8.761972,52.1286,7227.61
2018.02.02_11.28.02,-8.656298,52.132711,42,A,6,LTE,-105,-16.0,3.0,8.0,-91.0,2236,47,D,-68.17554240631164,-21.06313645621181,-8.761972,52.1286,7227.61
2018.02.02_11.28.04,-8.656298,52.132711,42,A,6,LTE,-107,-15.0,7.0,7.0,-85.0,5278,114,D,-68.17554240631164,-21.06313645621181,-8.761972,52.1286,7227.61
2018.02.02_11.28.05,-8.656298,52.132711,42,A,6,LTE,-107,-15.0,7.0,7.0,-94.0,55,1,D,-68.17554240631164,-21.06313645621181,-8.761972,52.1286,7227.61
2018.02.02_11.28.06,-8.656298,52.132711,42,A,6,LTE,-116,-17.0,6.0,7.0,-94.0,5245,133,D,-87.0,-9.0,-8.761972,52.1286,7227.61
2018.02.02_11.28.07,-8.656298,52.132711,42,A,6,LTE,-116,-17.0,6.0,7.0,-94.0,3299,61,D,-87.0,-9.0,-8.761972,52.1286,7227.61
2018.02.02_11.28.08,-8.656298,52.132711,42,A,6,LTE,-108,-15.0,6.0,6.0,-83.30932203389831,6330,116,D,-83.0,-6.0,-8.761972,52.1286,7227.61
2018.02.02_11.28.09,-8.656298,52.132711,42,A,6,LTE,-108,-15.0,6.0,6.0,-83.30932203389831,9674,179,D,-83.0,-6.0,-8.761972,52.1286,7227.61
2018.02.02_11.28.10,-8.656298,52.132711,42,A,6,LTE,-87,-2.0,,,-83.30932203389831,156,3,D,-83.0,-6.0,,,
2018.02.02_11.28.12,-8.656298,52.132711,42,A,6,HSPA+,-87,-2.0,,,-83.30932203389831,1722,38,D,-51.0,-24.0,,,
2018.02.02_11.28.13,-8.656298,52.132711,42,A,6,HSPA+,-79,-2.0,,,-83.30932203389831,905,17,D,-51.0,-24.0,,,
2018.02.02_11.28.14,-8.656298,52.132711,42,A,6,HSPA+,-79,-2.0,,,-83.30932203389831,1409,26,D,-51.0,-24.0,,,
2018.02.02_11.28.15,-8.656298,52.132711,42,A,6,HSPA+,-75,-2.0,,,-83.30932203389831,592,11,D,-51.0,-24.0,,,
2018.02.02_11.28.16,-8.656298,52.132711,42,A,6,HSPA+,-75,-2.0,,,-83.30932203389831,1498,27,D,-51.0,-24.0,,,
2018.02.02_11.28.18,-8.656298,52.132711,42,A,6,HSPA+,-75,-2.0,,,-83.30932203389831,11,0,D,-51.0,-24.0,,,
2018.02.02_11.28.21,-8.656298,52.132711,42,A,6,HSPA+,-75,-2.0,,,-83.30932203389831,0,0,I,-51.0,-24.0,,,
2018.02.02_11.28.22,-8.656298,52.132711,42,A,6,HSPA+,-75,-2.0,,,-83.30932203389831,2538,48,D,-51.0,-24.0,,,
2018.02.02_11.28.23,-8.656298,52.132711,42,A,6,HSPA+,-75,-2.0,,,-83.30932203389831,2292,61,D,-51.0,-24.0,,,
2018.02.02_11.28.24,-8.656298,52.132711,42,A,6,HSPA+,-75,-2.0,,,-83.30932203389831,1040,51,D,-51.0,-24.0,,,
2018.02.02_11.28.25,-8.656298,52.132711,42,A,6,HSPA+,-75,-2.0,,,-83.30932203389831,3131,155,D,-51.0,-24.0,,,
2018.02.02_11.28.26,-8.656298,52.132711,42,A,6,HSPA+,-75,-2.0,,,-83.30932203389831,2102,36,D,-51.0,-24.0,,,
2018.02.02_11.28.28,-8.656298,52.132711,42,A,6,HSPA+,-77,-2.0,,,-83.30932203389831,1342,25,D,-51.0,-24.0,,,
2018.02.02_11.28.29,-8.656298,52.132711,42,A,6,HSPA+,-77,-2.0,,,-83.30932203389831,1699,29,D,-51.0,-24.0,,,
2018.02.02_11.28.30,-8.656298,52.132711,42,A,6,HSPA+,-77,-2.0,,,-83.30932203389831,615,11,D,-51.0,-24.0,,,
2018.02.02_11.28.32,-8.656298,52.132711,42,A,6,HSPA+,-81,-2.0,,,-83.30932203389831,1498,27,D,-51.0,-24.0,,,
2018.02.02_11.28.33,-8.656298,52.132711,42,A,6,HSPA+,-81,-2.0,,,-83.30932203389831,1822,34,D,-51.0,-24.0,,,
2018.02.02_11.28.34,-8.656298,52.132711,42,A,6,HSPA+,-81,-2.0,,,-83.30932203389831,1487,28,D,-51.0,-24.0,,,
2018.02.02_11.28.36,-8.656298,52.132711,42,A,6,HSPA+,-81,-2.0,,,-83.30932203389831,1375,26,D,-51.0,-24.0,,,
2018.02.02_11.28.37,-8.656298,52.132711,42,A,6,HSPA+,-83,-2.0,,,-83.30932203389831,2236,41,D,-51.0,-24.0,,,
2018.02.02_11.28.38,-8.656298,52.132711,42,A,6,HSPA+,-83,-2.0,,,-83.30932203389831,2516,111,D,-51.0,-24.0,,,
2018.02.02_11.28.39,-8.656298,52.132711,42,A,6,HSPA+,-79,-2.0,,,-83.30932203389831,2057,110,D,-51.0,-24.0,,,
2018.02.02_11.28.40,-8.656298,52.132711,42,A,6,HSPA+,-79,-2.0,,,-83.30932203389831,1342,50,D,-51.0,-24.0,,,
2018.02.02_11.28.41,-8.656298,52.132711,42,A,6,HSPA+,-79,-2.0,,,-83.30932203389831,1263,23,D,-51.0,-24.0,,,
2018.02.02_11.28.42,-8.656298,52.132711,42,A,6,HSPA+,-79,-2.0,,,-83.30932203389831,1028,19,D,-51.0,-24.0,,,
2018.02.02_11.28.43,-8.656298,52.132711,42,A,6,HSPA+,-79,-2.0,,,-83.30932203389831,1241,23,D,-51.0,-24.0,,,
2018.02.02_11.28.44,-8.656298,52.132711,42,A,6,HSPA+,-79,-2.0,,,-83.30932203389831,570,11,D,-51.0,-24.0,,,
2018.02.02_11.28.45,-8.656298,52.132711,42,A,6,HSPA+,-77,-2.0,,,-83.30932203389831,1420,27,D,-51.0,-24.0,,,
2018.02.02_11.28.47,-8.656298,52.132711,42,A,6,HSPA+,-77,-2.0,,,-83.30932203389831,1319,19,D,-51.0,-24.0,,,
2018.02.02_11.28.48,-8.656298,52.132711,42,A,6,HSPA+,-77,-2.0,,,-83.30932203389831,715,14,D,-51.0,-24.0,,,
2018.02.02_11.28.49,-8.656298,52.132711,42,A,6,HSPA+,-77,-2.0,,,-83.30932203389831,1252,24,D,-51.0,-24.0,,,
2018.02.02_11.28.50,-8.656298,52.132711,42,A,6,HSPA+,-79,-2.0,,,-83.30932203389831,1252,23,D,-51.0,-24.0,,,
2018.02.02_11.28.52,-8.656298,52.132711,42,A,6,HSPA+,-73,-2.0,,,-83.30932203389831,369,7,D,-51.0,-24.0,,,
2018.02.02_11.28.53,-8.656298,52.132711,42,A,6,HSPA+,-73,-2.0,,,-83.30932203389831,1353,26,D,-51.0,-24.0,,,
2018.02.02_11.28.54,-8.656298,52.132711,42,A,6,HSPA+,-71,-2.0,,,-83.30932203389831,2527,127,D,-51.0,-24.0,,,
2018.02.02_11.28.55,-8.656298,52.132711,42,A,6,HSPA+,-71,-2.0,,,-83.30932203389831,1822,91,D,-51.0,-24.0,,,
2018.02.02_11.28.56,-8.656298,52.132711,42,A,6,HSPA+,-69,-2.0,,,-83.30932203389831,2729,62,D,-51.0,-24.0,,,
2018.02.02_11.28.57,-8.656298,52.132711,42,A,6,HSPA+,-69,-2.0,,,-83.30932203389831,2572,48,D,-51.0,-24.0,,,
2018.02.02_11.28.58,-8.656298,52.132711,42,A,6,HSPA+,-71,-2.0,,,-83.30932203389831,2035,37,D,-51.0,-24.0,,,
2018.02.02_11.29.00,-8.656298,52.132711,42,A,6,HSPA+,-71,-2.0,,,-83.30932203389831,2404,44,D,-51.0,-24.0,,,
2018.02.02_11.29.01,-8.656298,52.132711,42,A,6,HSPA+,-67,-2.0,,,-83.30932203389831,2247,42,D,-51.0,-24.0,,,
2018.02.02_11.29.02,-8.656298,52.132711,42,A,6,HSPA+,-67,-2.0,,,-83.30932203389831,3355,62,D,-51.0,-24.0,,,
2018.02.02_11.29.03,-8.656298,52.132711,42,A,6,HSPA+,-73,-2.0,,,-83.30932203389831,1118,20,D,-51.0,-24.0,,,
2018.02.02_11.29.04,-8.656298,52.132711,42,A,6,HSPA+,-73,-2.0,,,-83.30932203389831,1017,19,D,-51.0,-24.0,,,
2018.02.02_11.29.05,-8.656298,52.132711,42,A,6,HSPA+,-75,-2.0,,,-83.30932203389831,2326,43,D,-51.0,-24.0,,,
2018.02.02_11.29.06,-8.656298,52.132711,42,A,6,HSPA+,-75,-2.0,,,-83.30932203389831,458,4,D,-51.0,-24.0,,,
2018.02.02_11.29.07,-8.656298,52.132711,42,A,6,HSPA+,-77,-2.0,,,-83.30932203389831,704,17,D,-51.0,-24.0,,,
2018.02.02_11.29.08,-8.656298,52.132711,42,A,6,HSPA+,-77,-2.0,,,-83.30932203389831,2617,91,D,-51.0,-24.0,,,
2018.02.02_11.29.09,-8.656298,52.132711,42,A,6,HSPA+,-75,-2.0,,,-83.30932203389831,2225,115,D,-51.0,-24.0,,,
2018.02.02_11.29.11,-8.656298,52.132711,42,A,6,HSPA+,-75,-2.0,,,-83.30932203389831,738,27,D,-51.0,-24.0,,,
2018.02.02_11.29.12,-8.656298,52.132711,42,A,6,HSPA+,-73,-2.0,,,-83.30932203389831,570,9,D,-51.0,-24.0,,,
2018.02.02_11.29.13,-8.656298,52.132711,42,A,6,HSPA+,-73,-2.0,,,-83.30932203389831,1677,31,D,-51.0,-24.0,,,
2018.02.02_11.29.15,-8.656298,52.132711,42,A,6,HSPA+,-73,-2.0,,,-83.30932203389831,1543,54,D,-51.0,-24.0,,,
2018.02.02_11.29.16,-8.656298,52.132711,42,A,6,HSPA+,-73,-2.0,,,-83.30932203389831,1151,58,D,-51.0,-24.0,,,
2018.02.02_11.29.17,-8.656298,52.132711,42,A,6,HSPA+,-71,-2.0,,,-83.30932203389831,2001,102,D,-51.0,-24.0,,,
2018.02.02_11.29.18,-8.656298,52.132711,42,A,6,HSPA+,-71,-2.0,,,-83.30932203389831,1297,45,D,-51.0,-24.0,,,
2018.02.02_11.29.19,-8.656298,52.132711,42,A,6,HSPA+,-71,-2.0,,,-83.30932203389831,2080,38,D,-51.0,-24.0,,,
2018.02.02_11.29.20,-8.656298,52.132711,42,A,6,HSPA+,-71,-2.0,,,-83.30932203389831,2315,43,D,-51.0,-24.0,,,
2018.02.02_11.29.21,-8.656298,52.132711,42,A,6,HSPA+,-73,-2.0,,,-83.30932203389831,2091,39,D,-51.0,-24.0,,,
2018.02.02_11.29.22,-8.656298,52.132711,42,A,6,HSPA+,-73,-2.0,,,-83.30932203389831,1364,25,D,-51.0,-24.0,,,
2018.02.02_11.29.23,-8.656298,52.132711,42,A,6,HSPA+,-77,-2.0,,,-83.30932203389831,2583,47,D,-51.0,-24.0,,,
2018.02.02_11.29.24,-8.656298,52.132711,42,A,6,HSPA+,-77,-2.0,,,-83.30932203389831,2773,51,D,-51.0,-24.0,,,
2018.02.02_11.29.25,-8.656298,52.132711,42,A,6,HSPA+,-67,-2.0,,,-83.30932203389831,2527,44,D,-51.0,-24.0,,,
2018.02.02_11.29.26,-8.656298,52.132711,42,A,6,HSPA+,-67,-2.0,,,-83.30932203389831,3019,56,D,-51.0,-24.0,,,
2018.02.02_11.29.28,-8.656298,52.132711,42,A,6,HSPA+,-71,-2.0,,,-83.30932203389831,3701,72,D,-51.0,-24.0,,,
2018.02.02_11.29.29,-8.656298,52.132711,42,A,6,HSPA+,-71,-2.0,,,-83.30932203389831,7627,189,D,-51.0,-24.0,,,
2018.02.02_11.29.30,-8.656298,52.132711,42,A,6,HSPA+,-73,-2.0,,,-83.30932203389831,5245,114,D,-51.0,-24.0,,,
2018.02.02_11.29.31,-8.656298,52.132711,42,A,6,HSPA+,-73,-2.0,,,-83.30932203389831,2695,49,D,-51.0,-24.0,,,
2018.02.02_11.29.32,-8.656298,52.132711,42,A,6,HSPA+,-73,-2.0,,,-83.30932203389831,2281,63,D,-51.0,-24.0,,,
2018.02.02_11.29.33,-8.656298,52.132711,42,A,6,HSPA+,-73,-2.0,,,-83.30932203389831,2080,107,D,-51.0,-24.0,,,
2018.02.02_11.29.34,-8.656298,52.132711,42,A,6,HSPA+,-73,-2.0,,,-83.30932203389831,3321,85,D,-51.0,-24.0,,,
2018.02.02_11.29.35,-8.656298,52.132711,42,A,6,HSPA+,-73,-2.0,,,-83.30932203389831,4965,91,D,-51.0,-24.0,,,
2018.02.02_11.29.36,-8.656298,52.132711,42,A,6,HSPA+,-73,-2.0,,,-83.30932203389831,4797,89,D,-51.0,-24.0,,,
2018.02.02_11.29.37,-8.656298,52.132711,42,A,6,HSPA+,-73,-2.0,,,-83.30932203389831,3444,64,D,-51.0,-24.0,,,
2018.02.02_11.29.38,-8.656298,52.132711,42,A,6,HSPA+,-71,-2.0,,,-83.30932203389831,6240,116,D,-51.0,-24.0,,,
2018.02.02_11.29.39,-8.656298,52.132711,42,A,6,HSPA+,-71,-2.0,,,-83.30932203389831,4551,83,D,-51.0,-24.0,,,
2018.02.02_11.29.41,-8.656298,52.132711,42,A,6,HSPA+,-77,-2.0,,,-83.30932203389831,5502,101,D,-51.0,-24.0,,,
2018.02.02_11.29.42,-8.656298,52.132711,42,A,6,HSPA+,-77,-2.0,,,-83.30932203389831,4607,85,D,-51.0,-24.0,,,
2018.02.02_11.29.43,-8.656298,52.132711,42,A,6,HSPA+,-77,-2.0,,,-83.30932203389831,5715,105,D,-51.0,-24.0,,,
2018.02.02_11.29.44,-8.656298,52.132711,42,A,6,HSPA+,-77,-2.0,,,-83.30932203389831,3522,129,D,-51.0,-24.0,,,
2018.02.02_11.29.45,-8.656298,52.132711,42,A,6,HSPA+,-77,-2.0,,,-83.30932203389831,6039,160,D,-51.0,-24.0,,,
2018.02.02_11.29.46,-8.656298,52.132711,42,A,6,HSPA+,-77,-2.0,,,-83.30932203389831,4842,90,D,-51.0,-24.0,,,
2018.02.02_11.29.47,-8.656298,52.132711,42,A,6,HSPA+,-73,-2.0,,,-83.30932203389831,7113,135,D,-51.0,-24.0,,,
2018.02.02_11.29.48,-8.656298,52.132711,42,A,6,HSPA+,-73,-2.0,,,-83.30932203389831,6676,124,D,-51.0,-24.0,,,
2018.02.02_11.29.49,-8.656298,52.132711,42,A,6,HSPA+,-71,-2.0,,,-83.30932203389831,4697,208,D,-51.0,-24.0,,,
2018.02.02_11.29.50,-8.656298,52.132711,42,A,6,HSPA+,-71,-2.0,,,-83.30932203389831,4563,84,D,-51.0,-24.0,,,
2018.02.02_11.29.51,-8.656298,52.132711,42,A,6,HSPA+,-77,-2.0,,,-83.30932203389831,4484,83,D,-51.0,-24.0,,,
2018.02.02_11.29.53,-8.656298,52.132711,42,A,6,HSPA+,-77,-2.0,,,-83.30932203389831,4809,89,D,-51.0,-24.0,,,
2018.02.02_11.29.54,-8.656298,52.132711,42,A,6,HSPA+,-77,-2.0,,,-83.30932203389831,4216,78,D,-51.0,-24.0,,,
2018.02.02_11.29.55,-8.656298,52.132711,42,A,6,HSPA+,-77,-2.0,,,-83.30932203389831,3522,65,D,-51.0,-24.0,,,
2018.02.02_11.29.56,-8.656298,52.132711,42,A,6,HSPA+,-79,-2.0,,,-83.30932203389831,3455,64,D,-51.0,-24.0,,,
2018.02.02_11.29.57,-8.656298,52.132711,42,A,6,HSPA+,-79,-2.0,,,-83.30932203389831,3993,75,D,-51.0,-24.0,,,
2018.02.02_11.29.58,-8.656298,52.132711,42,A,6,HSPA+,-79,-2.0,,,-83.30932203389831,3198,59,D,-51.0,-24.0,,,
2018.02.02_11.29.59,-8.656298,52.132711,42,A,6,HSPA+,-79,-2.0,,,-83.30932203389831,4786,89,D,-51.0,-24.0,,,
2018.02.02_11.30.00,-8.656298,52.132711,42,A,6,HSPA+,-73,-2.0,,,-83.30932203389831,4350,86,D,-51.0,-24.0,,,
2018.02.02_11.30.01,-8.656298,52.132711,42,A,6,HSPA+,-73,-2.0,,,-83.30932203389831,5021,247,D,-51.0,-24.0,,,
2018.02.02_11.30.02,-8.656298,52.132711,42,A,6,HSPA+,-75,-2.0,,,-83.30932203389831,1778,33,D,-51.0,-24.0,,,
2018.02.02_11.30.03,-8.656298,52.132711,42,A,6,HSPA+,-75,-2.0,,,-83.30932203389831,2672,49,D,-51.0,-24.0,,,
2018.02.02_11.30.05,-8.656298,52.132711,42,A,6,HSPA+,-75,-2.0,,,-83.30932203389831,3824,71,D,-51.0,-24.0,,,
2018.02.02_11.30.06,-8.656298,52.132711,42,A,6,HSPA+,-75,-2.0,,,-83.30932203389831,3612,66,D,-51.0,-24.0,,,
2018.02.02_11.30.07,-8.656298,52.132711,42,A,6,HSPA+,-67,-2.0,,,-83.30932203389831,5066,93,D,-51.0,-24.0,,,
2018.02.02_11.30.08,-8.656298,52.132711,42,A,6,HSPA+,-67,-2.0,,,-83.30932203389831,5580,103,D,-51.0,-24.0,,,
2018.02.02_11.30.09,-8.656298,52.132711,42,A,6,HSPA+,-67,-2.0,,,-83.30932203389831,6341,117,D,-51.0,-24.0,,,
2018.02.02_11.30.10,-8.656298,52.132711,42,A,6,HSPA+,-67,-2.0,,,-83.30932203389831,7515,187,D,-51.0,-24.0,,,
2018.02.02_11.30.11,-8.656298,52.132711,42,A,6,HSPA+,-63,-2.0,,,-83.30932203389831,6195,114,D,-51.0,-24.0,,,
2018.02.02_11.30.12,-8.656298,52.132711,42,A,6,HSPA+,-63,-2.0,,,-83.30932203389831,3534,65,D,-51.0,-24.0,,,
2018.02.02_11.30.13,-8.656298,52.132711,42,A,6,HSPA+,-69,-2.0,,,-83.30932203389831,3433,67,D,-51.0,-24.0,,,
2018.02.02_11.30.14,-8.656298,52.132711,42,A,6,HSPA+,-69,-2.0,,,-83.30932203389831,6777,126,D,-51.0,-24.0,,,
2018.02.02_11.30.15,-8.656298,52.132711,42,A,6,HSPA+,-69,-2.0,,,-83.30932203389831,3170,60,D,-51.0,-24.0,,,
2018.02.02_11.30.16,-8.656298,52.132711,42,A,6,HSPA+,-69,-2.0,,,-83.30932203389831,2069,38,D,-51.0,-24.0,,,
2018.02.02_11.30.18,-8.656298,52.132711,42,A,6,HSPA+,-71,-2.0,,,-83.30932203389831,1979,37,D,-51.0,-24.0,,,
2018.02.02_11.30.19,-8.656298,52.132711,42,A,6,HSPA+,-71,-2.0,,,-83.30932203389831,201,5,D,-51.0,-24.0,,,
2018.02.02_11.30.20,-8.656298,52.132711,42,A,6,HSPA+,-75,-2.0,,,-83.30932203389831,369,5,D,-51.0,-24.0,,,
2018.02.02_11.30.22,-8.656298,52.132711,42,A,6,HSPA+,-75,-2.0,,,-83.30932203389831,1151,18,D,-51.0,-24.0,,,
2018.02.02_11.30.23,-8.656298,52.132711,42,A,6,HSPA+,-77,-2.0,,,-83.30932203389831,1062,20,D,-51.0,-24.0,,,
2018.02.02_11.30.24,-8.656298,52.132711,42,A,6,HSPA+,-77,-2.0,,,-83.30932203389831,1431,68,D,-51.0,-24.0,,,
2018.02.02_11.30.25,-8.656298,52.132711,42,A,6,HSPA+,-77,-2.0,,,-83.30932203389831,2069,110,D,-51.0,-24.0,,,
2018.02.02_11.30.26,-8.656298,52.132711,42,A,6,HSPA+,-77,-2.0,,,-83.30932203389831,1532,62,D,-51.0,-24.0,,,
2018.02.02_11.30.27,-8.656298,52.132711,42,A,6,HSPA+,-77,-2.0,,,-83.30932203389831,2169,40,D,-51.0,-24.0,,,
2018.02.02_11.30.28,-8.656298,52.132711,42,A,6,HSPA+,-77,-2.0,,,-83.30932203389831,1196,22,D,-51.0,-24.0,,,
2018.02.02_11.30.29,-8.656298,52.132711,42,A,6,HSPA+,-79,-2.0,,,-83.30932203389831,1107,21,D,-51.0,-24.0,,,
2018.02.02_11.30.30,-8.656298,52.132711,42,A,6,HSPA+,-79,-2.0,,,-83.30932203389831,849,16,D,-51.0,-24.0,,,
2018.02.02_11.30.31,-8.656298,52.132711,42,A,6,HSPA+,-85,-2.0,,,-83.30932203389831,357,7,D,-51.0,-24.0,,,
2018.02.02_11.30.35,-8.656298,52.132711,42,A,6,HSPA+,-75,-2.0,,,-83.30932203389831,2225,37,D,-51.0,-24.0,,,
2018.02.02_11.30.36,-8.656298,52.132711,42,A,6,HSPA+,-75,-2.0,,,-83.30932203389831,5647,104,D,-51.0,-24.0,,,
2018.02.02_11.30.37,-8.656298,52.132711,42,A,6,HSPA+,-71,-2.0,,,-83.30932203389831,7045,131,D,-51.0,-24.0,,,
2018.02.02_11.30.38,-8.656298,52.132711,42,A,6,HSPA+,-71,-2.0,,,-83.30932203389831,5804,206,D,-51.0,-24.0,,,
2018.02.02_11.30.39,-8.656298,52.132711,42,A,6,HSPA+,-63,-2.0,,,-83.30932203389831,4563,151,D,-51.0,-24.0,,,
2018.02.02_11.30.40,-8.656298,52.132711,42,A,6,HSPA+,-63,-2.0,,,-83.30932203389831,2382,44,D,-51.0,-24.0,,,
2018.02.02_11.30.41,-8.656298,52.132711,42,A,6,HSPA+,-65,-2.0,,,-83.30932203389831,4003,74,D,-51.0,-24.0,,,
2018.02.02_11.30.42,-8.656298,52.132711,42,A,6,HSPA+,-65,-2.0,,,-83.30932203389831,6229,115,D,-51.0,-24.0,,,
2018.02.02_11.30.43,-8.656298,52.132711,42,A,6,HSPA+,-71,-2.0,,,-83.30932203389831,7023,131,D,-51.0,-24.0,,,
2018.02.02_11.30.45,-8.656298,52.132711,42,A,6,HSPA+,-71,-2.0,,,-83.30932203389831,6643,123,D,-51.0,-24.0,,,
2018.02.02_11.30.46,-8.656298,52.132711,42,A,6,HSPA+,-73,-2.0,,,-83.30932203389831,4272,79,D,-51.0,-24.0,,,
2018.02.02_11.30.47,-8.656298,52.132711,42,A,6,HSPA+,-73,-2.0,,,-83.30932203389831,1722,32,D,-51.0,-24.0,,,
2018.02.02_11.30.49,-8.656298,52.132711,42,A,6,HSPA+,-69,-2.0,,,-83.30932203389831,1129,19,D,-51.0,-24.0,,,
2018.02.02_11.30.50,-8.656298,52.132711,42,A,6,HSPA+,-69,-2.0,,,-83.30932203389831,424,6,D,-51.0,-24.0,,,
2018.02.02_11.30.52,-8.656298,52.132711,42,A,6,HSPA+,-73,-2.0,,,-83.30932203389831,1028,17,D,-51.0,-24.0,,,
2018.02.02_11.30.53,-8.656298,52.132711,42,A,6,HSPA+,-73,-2.0,,,-83.30932203389831,1364,25,D,-51.0,-24.0,,,
2018.02.02_11.30.54,-8.656298,52.132711,42,A,6,HSPA+,-73,-2.0,,,-83.30932203389831,1230,20,D,-51.0,-24.0,,,
2018.02.02_11.30.56,-8.656298,52.132711,42,A,6,HSPA+,-75,-2.0,,,-83.30932203389831,1274,23,D,-51.0,-24.0,,,
2018.02.02_11.30.58,-8.656298,52.132711,42,A,6,HSPA+,-75,-2.0,,,-83.30932203389831,111,1,D,-51.0,-24.0,,,
2018.02.02_11.30.59,-8.656298,52.132711,42,A,6,HSPA+,-71,-2.0,,,-83.30932203389831,201,2,D,-51.0,-24.0,,,
2018.02.02_11.31.01,-8.656298,52.132711,42,A,6,HSPA+,-71,-2.0,,,-83.30932203389831,1532,28,D,-51.0,-24.0,,,
2018.02.02_11.31.02,-8.656298,52.132711,42,A,6,HSPA+,-67,-2.0,,,-83.30932203389831,1040,19,D,-51.0,-24.0,,,
2018.02.02_11.31.03,-8.656298,52.132711,42,A,6,HSPA+,-67,-2.0,,,-83.30932203389831,872,16,D,-51.0,-24.0,,,
2018.02.02_11.31.04,-8.656298,52.132711,42,A,6,HSPA+,-65,-2.0,,,-83.30932203389831,2650,115,D,-51.0,-24.0,,,
2018.02.02_11.31.05,-8.656298,52.132711,42,A,6,HSPA+,-65,-2.0,,,-83.30932203389831,2247,128,D,-51.0,-24.0,,,
2018.02.02_11.31.06,-8.656298,52.132711,42,A,6,HSPA+,-63,-2.0,,,-83.30932203389831,3008,172,D,-51.0,-24.0,,,
2018.02.02_11.31.07,-8.656298,52.132711,42,A,6,HSPA+,-63,-2.0,,,-83.30932203389831,3914,140,D,-51.0,-24.0,,,
2018.02.02_11.31.08,-8.656298,52.132711,42,A,6,HSPA+,-65,-2.0,,,-83.30932203389831,4126,76,D,-51.0,-24.0,,,
2018.02.02_11.31.09,-8.656298,52.132711,42,A,6,HSPA+,-65,-2.0,,,-83.30932203389831,5055,189,D,-51.0,-24.0,,,
2018.02.02_11.31.10,-8.656298,52.132711,42,A,6,HSPA+,-61,-2.0,,,-83.30932203389831,6207,148,D,-51.0,-24.0,,,
2018.02.02_11.31.11,-8.656298,52.132711,42,A,6,HSPA+,-61,-2.0,,,-83.30932203389831,7526,139,D,-51.0,-24.0,,,
2018.02.02_11.31.12,-8.656298,52.132711,42,A,6,HSPA+,-63,-2.0,,,-83.30932203389831,5144,118,D,-51.0,-24.0,,,
2018.02.02_11.31.14,-8.656298,52.132711,42,A,6,HSPA+,-63,-2.0,,,-83.30932203389831,3701,99,D,-51.0,-24.0,,,
2018.02.02_11.31.15,-8.656298,52.132711,42,A,6,HSPA+,-69,-2.0,,,-83.30932203389831,1644,31,D,-51.0,-24.0,,,
2018.02.02_11.31.16,-8.656298,52.132711,42,A,6,HSPA+,-69,-2.0,,,-83.30932203389831,2058,37,D,-51.0,-24.0,,,
2018.02.02_11.31.17,-8.656298,52.132711,42,A,6,HSPA+,-69,-2.0,,,-83.30932203389831,3645,67,D,-51.0,-24.0,,,
2018.02.02_11.31.18,-8.656298,52.132711,42,A,6,HSPA+,-69,-2.0,,,-83.30932203389831,4249,86,D,-51.0,-24.0,,,
2018.02.02_11.31.19,-8.656298,52.132711,42,A,6,HSPA+,-67,-2.0,,,-83.30932203389831,2147,39,D,-51.0,-24.0,,,
2018.02.02_11.31.20,-8.656298,52.132711,42,A,6,HSPA+,-67,-2.0,,,-83.30932203389831,3869,131,D,-51.0,-24.0,,,
2018.02.02_11.31.21,-8.656298,52.132711,42,A,6,HSPA+,-65,-2.0,,,-83.30932203389831,2941,54,D,-51.0,-24.0,,,
2018.02.02_11.31.22,-8.656298,52.132711,42,A,6,HSPA+,-65,-2.0,,,-83.30932203389831,4663,86,D,-51.0,-24.0,,,
2018.02.02_11.31.23,-8.656298,52.132711,42,A,6,HSPA+,-59,-2.0,,,-83.30932203389831,5659,105,D,-51.0,-24.0,,,
2018.02.02_11.31.24,-8.656298,52.132711,42,A,6,HSPA+,-59,-2.0,,,-83.30932203389831,4048,75,D,-51.0,-24.0,,,
2018.02.02_11.31.26,-8.656298,52.132711,42,A,6,HSPA+,-67,-2.0,,,-83.30932203389831,4059,75,D,-51.0,-24.0,,,
2018.02.02_11.31.27,-8.656298,52.132711,42,A,6,HSPA+,-67,-2.0,,,-83.30932203389831,3545,65,D,-51.0,-24.0,,,
2018.02.02_11.31.28,-8.656298,52.132711,42,A,6,HSPA+,-67,-2.0,,,-83.30932203389831,2326,43,D,-51.0,-24.0,,,
2018.02.02_11.31.29,-8.656298,52.132711,42,A,6,HSPA+,-67,-2.0,,,-83.30932203389831,1274,36,D,-51.0,-24.0,,,
2018.02.02_11.31.30,-8.656298,52.132711,42,A,6,HSPA+,-67,-2.0,,,-83.30932203389831,1822,82,D,-51.0,-24.0,,,
2018.02.02_11.31.31,-8.656298,52.132711,42,A,6,HSPA+,-67,-2.0,,,-83.30932203389831,2583,78,D,-51.0,-24.0,,,
2018.02.02_11.31.32,-8.656298,52.132711,42,A,6,HSPA+,-61,-2.0,,,-83.30932203389831,3925,72,D,-51.0,-24.0,,,
2018.02.02_11.31.33,-8.656298,52.132711,42,A,6,HSPA+,-61,-2.0,,,-83.30932203389831,1767,32,D,-51.0,-24.0,,,
2018.02.02_11.31.34,-8.656298,52.132711,42,A,6,HSPA+,-61,-2.0,,,-83.30932203389831,1521,32,D,-51.0,-24.0,,,
2018.02.02_11.31.35,-8.656298,52.132711,42,A,6,HSPA+,-61,-2.0,,,-83.30932203389831,4182,77,D,-51.0,-24.0,,,
2018.02.02_11.31.37,-8.656298,52.132711,42,A,6,HSPA+,-65,-2.0,,,-83.30932203389831,2617,49,D,-51.0,-24.0,,,
2018.02.02_11.31.38,-8.656298,52.132711,42,A,6,HSPA+,-65,-2.0,,,-83.30932203389831,2661,49,D,-51.0,-24.0,,,
2018.02.02_11.31.39,-8.656298,52.132711,42,A,6,HSPA+,-75,-2.0,,,-83.30932203389831,1252,23,D,-51.0,-24.0,,,
2018.02.02_11.31.40,-8.656298,52.132711,42,A,6,HSPA+,-75,-2.0,,,-83.30932203389831,984,14,D,-51.0,-24.0,,,
2018.02.02_11.31.42,-8.656298,52.132711,42,A,6,HSPA+,-75,-2.0,,,-83.30932203389831,738,7,D,-51.0,-24.0,,,
2018.02.02_11.31.43,-8.656298,52.132711,42,A,6,HSPA+,-75,-2.0,,,-83.30932203389831,4542,84,D,-51.0,-24.0,,,
2018.02.02_11.31.44,-8.656298,52.132711,42,A,6,HSPA+,-69,-2.0,,,-83.30932203389831,5111,151,D,-51.0,-24.0,,,
2018.02.02_11.31.46,-8.656298,52.132711,42,A,6,HSPA+,-69,-2.0,,,-83.30932203389831,3053,143,D,-51.0,-24.0,,,
2018.02.02_11.31.47,-8.656298,52.132711,42,A,6,HSPA+,-71,-2.0,,,-83.30932203389831,1129,21,D,-51.0,-24.0,,,
2018.02.02_11.31.48,-8.656298,52.132711,42,A,6,HSPA+,-71,-2.0,,,-83.30932203389831,290,5,D,-51.0,-24.0,,,
2018.02.02_11.31.49,-8.656298,52.132711,42,A,6,HSPA+,-75,-2.0,,,-83.30932203389831,805,14,D,-51.0,-24.0,,,
2018.02.02_11.31.50,-8.656298,52.132711,42,A,6,HSPA+,-75,-2.0,,,-83.30932203389831,1028,19,D,-51.0,-24.0,,,
2018.02.02_11.31.51,-8.656298,52.132711,42,A,6,HSPA+,-67,-2.0,,,-83.30932203389831,984,18,D,-51.0,-24.0,,,
2018.02.02_11.31.52,-8.656298,52.132711,42,A,6,HSPA+,-67,-2.0,,,-83.30932203389831,1330,23,D,-51.0,-24.0,,,
2018.02.02_11.31.53,-8.656298,52.132711,42,A,6,HSPA+,-63,-2.0,,,-83.30932203389831,1196,25,D,-51.0,-24.0,,,
2018.02.02_11.31.54,-8.656298,52.132711,42,A,6,HSPA+,-63,-2.0,,,-83.30932203389831,1990,37,D,-51.0,-24.0,,,
2018.02.02_11.31.55,-8.656298,52.132711,42,A,6,HSPA+,-67,-2.0,,,-83.30932203389831,1711,55,D,-51.0,-24.0,,,
2018.02.02_11.31.56,-8.656298,52.132711,42,A,6,HSPA+,-67,-2.0,,,-83.30932203389831,1979,105,D,-51.0,-24.0,,,
2018.02.02_11.31.57,-8.656298,52.132711,42,A,6,HSPA+,-71,-2.0,,,-83.30932203389831,2561,146,D,-51.0,-24.0,,,
2018.02.02_11.31.59,-8.656298,52.132711,42,A,6,HSPA+,-71,-2.0,,,-83.30932203389831,1621,86,D,-51.0,-24.0,,,
2018.02.02_11.32.00,-8.656298,52.132711,42,A,6,HSPA+,-69,-2.0,,,-83.30932203389831,1576,61,D,-51.0,-24.0,,,
2018.02.02_11.32.01,-8.656298,52.132711,42,A,6,HSPA+,-69,-2.0,,,-83.30932203389831,1621,30,D,-51.0,-24.0,,,
2018.02.02_11.32.02,-8.656298,52.132711,42,A,6,HSPA+,-69,-2.0,,,-83.30932203389831,1666,30,D,-51.0,-24.0,,,
2018.02.02_11.32.03,-8.656298,52.132711,42,A,6,HSPA+,-69,-2.0,,,-83.30932203389831,2997,92,D,-51.0,-24.0,,,
2018.02.02_11.32.04,-8.656298,52.132711,42,A,6,HSPA+,-69,-2.0,,,-83.30932203389831,1330,51,D,-51.0,-24.0,,,
2018.02.02_11.32.05,-8.656298,52.132711,42,A,6,HSPA+,-69,-2.0,,,-83.30932203389831,3030,56,D,-51.0,-24.0,,,
2018.02.02_11.32.06,-8.656298,52.132711,42,A,6,HSPA+,-67,-2.0,,,-83.30932203389831,3288,61,D,-51.0,-24.0,,,
2018.02.02_11.32.07,-8.656298,52.132711,42,A,6,HSPA+,-67,-2.0,,,-83.30932203389831,3042,56,D,-51.0,-24.0,,,
2018.02.02_11.32.08,-8.656298,52.132711,42,A,6,HSPA+,-71,-2.0,,,-83.30932203389831,3645,67,D,-51.0,-24.0,,,
2018.02.02_11.32.10,-8.656298,52.132711,42,A,6,HSPA+,-71,-2.0,,,-83.30932203389831,4249,79,D,-51.0,-24.0,,,
2018.02.02_11.32.11,-8.656298,52.132711,42,A,6,HSPA+,-67,-2.0,,,-83.30932203389831,5245,97,D,-51.0,-24.0,,,
2018.02.02_11.32.12,-8.656298,52.132711,42,A,6,HSPA+,-67,-2.0,,,-83.30932203389831,3836,71,D,-51.0,-24.0,,,
2018.02.02_11.32.13,-8.656298,52.132711,42,A,6,HSPA+,-71,-2.0,,,-83.30932203389831,2952,55,D,-51.0,-24.0,,,
2018.02.02_11.32.14,-8.656298,52.132711,42,A,6,HSPA+,-71,-2.0,,,-83.30932203389831,1722,36,D,-51.0,-24.0,,,
2018.02.02_11.32.15,-8.656298,52.132711,42,A,6,HSPA+,-73,-2.0,,,-83.30932203389831,44,2,D,-51.0,-24.0,,,
2018.02.02_11.32.16,-8.656298,52.132711,42,A,6,HSPA+,-73,-2.0,,,-83.30932203389831,0,0,I,-51.0,-24.0,,,
2018.02.02_11.32.18,-8.656298,52.132711,42,A,6,HSPA+,-77,-2.0,,,-83.30932203389831,44,2,D,-51.0,-24.0,,,
2018.02.02_11.32.19,-8.656298,52.132711,42,A,6,HSPA+,-77,-2.0,,,-83.30932203389831,134,6,D,-51.0,-24.0,,,
2018.02.02_11.32.20,-8.656298,52.132711,42,A,6,HSPA+,-79,-2.0,,,-83.30932203389831,89,4,D,-51.0,-24.0,,,
2018.02.02_11.32.22,-8.656298,52.132711,42,A,6,HSPA+,-79,-2.0,,,-83.30932203389831,44,2,D,-51.0,-24.0,,,
2018.02.02_11.32.23,-8.656298,52.132711,42,A,6,HSPA+,-77,-2.0,,,-83.30932203389831,134,6,D,-51.0,-24.0,,,
2018.02.02_11.32.26,-8.656298,52.132711,42,A,6,HSPA+,-73,-2.0,,,-83.30932203389831,447,20,D,-51.0,-24.0,,,
2018.02.02_11.32.27,-8.656298,52.132711,42,A,6,HSPA+,-73,-2.0,,,-83.30932203389831,1241,56,D,-51.0,-24.0,,,
2018.02.02_11.32.28,-8.656298,52.132711,42,A,6,HSPA+,-73,-2.0,,,-83.30932203389831,1107,36,D,-51.0,-24.0,,,
2018.02.02_11.32.29,-8.656298,52.132711,42,A,6,HSPA+,-73,-2.0,,,-83.30932203389831,1096,19,D,-51.0,-24.0,,,
2018.02.02_11.32.30,-8.656298,52.132711,42,A,6,HSPA+,-75,-2.0,,,-83.30932203389831,671,13,D,-51.0,-24.0,,,
2018.02.02_11.32.31,-8.656298,52.132711,42,A,6,HSPA+,-75,-2.0,,,-83.30932203389831,908,17,D,-51.0,-24.0,,,
2018.02.02_11.32.32,-8.656298,52.132711,42,A,6,HSPA+,-79,-2.0,,,-83.30932203389831,1655,55,D,-51.0,-24.0,,,
2018.02.02_11.32.33,-8.656298,52.132711,42,A,6,HSPA+,-79,-2.0,,,-83.30932203389831,2326,121,D,-51.0,-24.0,,,
2018.02.02_11.32.35,-8.656298,52.132711,42,A,6,HSPA+,-81,-2.0,,,-83.30932203389831,1565,42,D,-51.0,-24.0,,,
2018.02.02_11.32.36,-8.656298,52.132711,42,A,6,HSPA+,-81,-2.0,,,-83.30932203389831,2930,54,D,-51.0,-24.0,,,
2018.02.02_11.32.37,-8.656298,52.132711,42,A,6,HSPA+,-79,-2.0,,,-83.30932203389831,894,17,D,-51.0,-24.0,,,
2018.02.02_11.32.38,-8.656298,52.132711,42,A,6,HSPA+,-79,-2.0,,,-83.30932203389831,648,12,D,-51.0,-24.0,,,
2018.02.02_11.32.39,-8.656298,52.132711,42,A,6,HSPA+,-83,-2.0,,,-83.30932203389831,246,4,D,-51.0,-24.0,,,
2018.02.02_11.32.40,-8.656298,52.132711,42,A,6,HSPA+,-83,-2.0,,,-83.30932203389831,313,5,D,-51.0,-24.0,,,
2018.02.02_11.32.42,-8.656298,52.132711,42,A,6,HSPA+,-81,-2.0,,,-83.30932203389831,156,1,D,-51.0,-24.0,,,
2018.02.02_11.32.43,-8.656298,52.132711,42,A,6,HSPA+,-81,-2.0,,,-83.30932203389831,0,0,I,-51.0,-24.0,,,
2018.02.02_11.32.44,-8.656298,52.132711,42,A,6,HSPA+,-79,-2.0,,,-83.30932203389831,1364,28,D,-51.0,-24.0,,,
2018.02.02_11.32.45,-8.656298,52.132711,42,A,6,HSPA+,-79,-2.0,,,-83.30932203389831,369,7,D,-51.0,-24.0,,,
2018.02.02_11.32.46,-8.656298,52.132711,42,A,6,HSPA+,-85,-2.0,,,-83.30932203389831,0,0,I,-51.0,-24.0,,,
2018.02.02_11.32.47,-8.656298,52.132711,42,A,6,HSPA+,-85,-2.0,,,-83.30932203389831,391,7,D,-51.0,-24.0,,,
2018.02.02_11.32.49,-8.656298,52.132711,42,A,6,HSPA+,-87,-2.0,,,-83.30932203389831,1051,20,D,-51.0,-24.0,,,
2018.02.02_11.32.51,-8.656298,52.132711,42,A,6,HSPA+,-87,-2.0,,,-83.30932203389831,469,9,D,-51.0,-24.0,,,
2018.02.02_11.32.52,-8.656298,52.132711,42,A,6,HSPA+,-87,-2.0,,,-83.30932203389831,1140,7,D,-51.0,-24.0,,,
2018.02.02_11.32.54,-8.656298,52.132711,42,A,6,HSPA+,-87,-2.0,,,-83.30932203389831,2124,54,D,-51.0,-24.0,,,
2018.02.02_11.32.55,-8.656298,52.132711,42,A,6,HSPA+,-87,-2.0,,,-83.30932203389831,391,20,D,-51.0,-24.0,,,
2018.02.02_11.32.57,-8.656298,52.132711,42,A,6,HSPA+,-87,-2.0,,,-83.30932203389831,816,42,D,-51.0,-24.0,,,
2018.02.02_11.33.00,-8.656298,52.132711,42,A,6,HSPA+,-83,-2.0,,,-83.30932203389831,2192,95,D,-51.0,-24.0,,,
2018.02.02_11.33.01,-8.656298,52.132711,42,A,6,HSPA+,-83,-2.0,,,-83.30932203389831,794,15,D,-51.0,-24.0,,,
2018.02.02_11.33.02,-8.656298,52.132711,42,A,6,HSPA+,-81,-2.0,,,-83.30932203389831,78,0,D,-51.0,-24.0,,,
2018.02.02_11.33.04,-8.656298,52.132711,42,A,6,HSPA+,-81,-2.0,,,-83.30932203389831,0,0,I,-51.0,-24.0,,,
2018.02.02_11.33.05,-8.656298,52.132711,42,A,6,HSPA+,-81,-2.0,,,-83.30932203389831,704,23,D,-51.0,-24.0,,,
2018.02.02_11.33.06,-8.656298,52.132711,42,A,6,HSPA+,-81,-2.0,,,-83.30932203389831,1722,85,D,-51.0,-24.0,,,
2018.02.02_11.33.07,-8.656298,52.132711,42,A,6,HSPA+,-83,-2.0,,,-83.30932203389831,324,16,D,-51.0,-24.0,,,
2018.02.02_11.33.08,-8.656298,52.132711,42,A,6,HSPA+,-83,-2.0,,,-83.30932203389831,134,6,D,-51.0,-24.0,,,
2018.02.02_11.33.09,-8.656298,52.132711,42,A,6,HSPA+,-83,-2.0,,,-83.30932203389831,55,2,D,-51.0,-24.0,,,
2018.02.02_11.33.14,-8.656298,52.132711,42,A,6,HSPA+,-85,-2.0,,,-83.30932203389831,33,1,D,-51.0,-24.0,-8.92825,52.132163,18562.37
2018.02.02_11.33.16,-8.656298,52.132711,42,A,6,HSPA+,-85,-2.0,,,-83.30932203389831,1219,40,D,-51.0,-24.0,-8.92825,52.132163,18562.37
2018.02.02_11.33.17,-8.656298,52.132711,42,A,6,HSPA+,-81,-2.0,,,-83.30932203389831,1364,22,D,-51.0,-24.0,-8.92825,52.132163,18562.37
2018.02.02_11.33.18,-8.656298,52.132711,42,A,6,HSPA+,-81,-2.0,,,-83.30932203389831,2180,68,D,-51.0,-24.0,-8.92825,52.132163,18562.37
2018.02.02_11.33.19,-8.656298,52.132711,42,A,6,HSPA+,-79,-2.0,,,-83.30932203389831,1711,87,D,-51.0,-24.0,-8.92825,52.132163,18562.37
2018.02.02_11.33.20,-8.656298,52.132711,42,A,6,HSPA+,-79,-2.0,,,-83.30932203389831,2561,73,D,-51.0,-24.0,-8.92825,52.132163,18562.37
2018.02.02_11.33.21,-8.656298,52.132711,42,A,6,HSPA+,-79,-2.0,,,-83.30932203389831,2617,48,D,-51.0,-24.0,-8.92825,52.132163,18562.37
2018.02.02_11.33.22,-8.656298,52.132711,42,A,6,HSPA+,-79,-2.0,,,-83.30932203389831,1476,27,D,-51.0,-24.0,-8.92825,52.132163,18562.37
2018.02.02_11.33.23,-8.656298,52.132711,42,A,6,HSPA+,-79,-2.0,,,-83.30932203389831,973,18,D,-51.0,-24.0,-8.92825,52.132163,18562.37
2018.02.02_11.33.24,-8.656298,52.132711,42,A,6,HSPA+,-79,-2.0,,,-83.30932203389831,894,16,D,-51.0,-24.0,-8.92825,52.132163,18562.37
2018.02.02_11.33.25,-8.656298,52.132711,42,A,6,HSPA+,-79,-2.0,,,-83.30932203389831,2460,45,D,-51.0,-24.0,-8.92825,52.132163,18562.37
2018.02.02_11.33.26,-8.656298,52.132711,42,A,6,HSPA+,-79,-2.0,,,-83.30932203389831,1565,29,D,-51.0,-24.0,-8.92825,52.132163,18562.37
2018.02.02_11.33.28,-8.656298,52.132711,42,A,6,HSPA+,-77,-2.0,,,-83.30932203389831,928,17,D,-51.0,-24.0,-8.92825,52.132163,18562.37
2018.02.02_11.33.29,-8.656298,52.132711,42,A,6,HSPA+,-77,-2.0,,,-83.30932203389831,458,8,D,-51.0,-24.0,-8.92825,52.132163,18562.37
2018.02.02_11.33.30,-8.656298,52.132711,42,A,6,HSPA+,-85,-2.0,,,-83.30932203389831,257,4,D,-51.0,-24.0,,,
2018.02.02_11.33.31,-8.656298,52.132711,42,A,6,HSPA+,-85,-2.0,,,-83.30932203389831,167,3,D,-51.0,-24.0,,,
2018.02.02_11.33.32,-8.656298,52.132711,42,A,6,HSPA+,-85,-2.0,,,-83.30932203389831,313,6,D,-51.0,-24.0,,,
2018.02.02_11.33.33,-8.656298,52.132711,42,A,6,HSPA+,-85,-2.0,,,-83.30932203389831,458,9,D,-51.0,-24.0,,,
2018.02.02_11.33.34,-8.656298,52.132711,42,A,6,HSPA+,-87,-2.0,,,-83.30932203389831,234,4,D,-51.0,-24.0,,,
2018.02.02_11.33.36,-8.656298,52.132711,42,A,6,HSPA+,-87,-2.0,,,-83.30932203389831,346,6,D,-51.0,-24.0,,,
2018.02.02_11.33.37,-8.656298,52.132711,42,A,6,HSPA+,-85,-2.0,,,-83.30932203389831,738,14,D,-51.0,-24.0,,,
2018.02.02_11.33.38,-8.656298,52.132711,42,A,6,HSPA+,-85,-2.0,,,-83.30932203389831,1152,22,D,-51.0,-24.0,,,
2018.02.02_11.33.40,-8.656298,52.132711,42,A,6,HSPA+,-87,-2.0,,,-83.30932203389831,67,1,D,-51.0,-24.0,,,
2018.02.02_11.33.42,-8.656298,52.132711,42,A,6,HSPA+,-87,-2.0,,,-83.30932203389831,212,4,D,-51.0,-24.0,,,
2018.02.02_11.33.43,-8.656298,52.132711,42,A,6,HSPA+,-87,-2.0,,,-83.30932203389831,391,7,D,-51.0,-24.0,,,
2018.02.02_11.33.44,-8.656298,52.132711,42,A,6,HSPA+,-89,-2.0,,,-83.30932203389831,525,10,D,-51.0,-24.0,,,
2018.02.02_11.33.45,-8.656298,52.132711,42,A,6,HSPA+,-89,-2.0,,,-83.30932203389831,324,7,D,-51.0,-24.0,,,
2018.02.02_11.33.46,-8.656298,52.132711,42,A,6,HSPA+,-87,-2.0,,,-83.30932203389831,849,16,D,-51.0,-24.0,,,
2018.02.02_11.33.47,-8.656298,52.132711,42,A,6,HSPA+,-87,-2.0,,,-83.30932203389831,1219,43,D,-51.0,-24.0,,,
2018.02.02_11.33.48,-8.656298,52.132711,42,A,6,HSPA+,-83,-2.0,,,-83.30932203389831,1263,63,D,-51.0,-24.0,,,
2018.02.02_11.33.49,-8.656298,52.132711,42,A,6,HSPA+,-83,-2.0,,,-83.30932203389831,917,52,D,-51.0,-24.0,,,
2018.02.02_11.33.50,-8.656298,52.132711,42,A,6,HSPA+,-85,-2.0,,,-83.30932203389831,1107,63,D,-51.0,-24.0,,,
2018.02.02_11.33.51,-8.656298,52.132711,42,A,6,HSPA+,-85,-2.0,,,-83.30932203389831,2024,110,D,-51.0,-24.0,,,
2018.02.02_11.33.53,-8.656298,52.132711,42,A,6,HSPA+,-85,-2.0,,,-83.30932203389831,1666,89,D,-51.0,-24.0,,,
2018.02.02_11.33.54,-8.656298,52.132711,42,A,6,HSPA+,-85,-2.0,,,-83.30932203389831,1509,72,D,-51.0,-24.0,,,
2018.02.02_11.33.55,-8.656298,52.132711,42,A,6,HSPA+,-87,-2.0,,,-83.30932203389831,2382,47,D,-51.0,-24.0,,,
2018.02.02_11.33.56,-8.656298,52.132711,42,A,6,HSPA+,-87,-2.0,,,-83.30932203389831,1274,24,D,-51.0,-24.0,,,
2018.02.02_11.33.57,-8.656298,52.132711,42,A,6,HSPA+,-89,-2.0,,,-83.30932203389831,469,18,D,-51.0,-24.0,,,
2018.02.02_11.33.58,-8.656298,52.132711,42,A,6,HSPA+,-89,-2.0,,,-83.30932203389831,235,17,D,-51.0,-24.0,,,
2018.02.02_11.33.59,-8.656298,52.132711,42,A,6,HSPA+,-83,-2.0,,,-83.30932203389831,525,21,D,-51.0,-24.0,-8.92825,52.132163,18562.37
2018.02.02_11.34.00,-8.656298,52.132711,42,A,6,HSPA+,-83,-2.0,,,-83.30932203389831,862,28,D,-51.0,-24.0,-8.92825,52.132163,18562.37
2018.02.02_11.34.01,-8.656298,52.132711,42,A,6,HSPA+,-85,-2.0,,,-83.30932203389831,472,22,D,-51.0,-24.0,-8.92825,52.132163,18562.37
2018.02.02_11.34.02,-8.656298,52.132711,42,A,6,HSPA+,-85,-2.0,,,-83.30932203389831,33,2,D,-51.0,-24.0,-8.92825,52.132163,18562.37
2018.02.02_11.34.03,-8.656298,52.132711,42,A,6,HSPA+,-81,-2.0,,,-83.30932203389831,134,3,D,-51.0,-24.0,,,
2018.02.02_11.34.04,-8.656298,52.132711,42,A,6,HSPA+,-81,-2.0,,,-83.30932203389831,0,0,D,-51.0,-24.0,,,
2018.02.02_11.34.06,-8.656298,52.132711,42,A,6,HSPA+,-81,-2.0,,,-83.30932203389831,0,0,I,-51.0,-24.0,,,
2018.02.02_11.34.07,-8.656298,52.132711,42,A,6,HSPA+,-81,-2.0,,,-83.30932203389831,11,12,D,-51.0,-24.0,,,
2018.02.02_11.34.08,-8.656298,52.132711,42,A,6,HSPA+,-81,-2.0,,,-83.30932203389831,0,0,D,-51.0,-24.0,,,
2018.02.02_11.34.09,-8.656298,52.132711,42,A,6,HSPA+,-81,-2.0,,,-83.30932203389831,0,0,D,-51.0,-24.0,,,
2018.02.02_11.34.10,-8.656298,52.132711,42,A,6,HSPA+,-85,-2.0,,,-83.30932203389831,0,0,D,-51.0,-24.0,,,
2018.02.02_11.34.11,-8.656298,52.132711,42,A,6,HSPA+,-85,-2.0,,,-83.30932203389831,0,0,D,-51.0,-24.0,,,
2018.02.02_11.34.12,-8.656298,52.132711,42,A,6,HSPA+,-85,-2.0,,,-83.30932203389831,201,7,D,-51.0,-24.0,,,
2018.02.02_11.34.13,-8.656298,52.132711,42,A,6,HSPA+,-85,-2.0,,,-83.30932203389831,592,11,D,-51.0,-24.0,,,
2018.02.02_11.34.14,-8.656298,52.132711,42,A,6,HSPA+,-81,-2.0,,,-83.30932203389831,515,15,D,-51.0,-24.0,,,
2018.02.02_11.34.15,-8.656298,52.132711,42,A,6,HSPA+,-81,-2.0,,,-83.30932203389831,380,8,D,-51.0,-24.0,,,
2018.02.02_11.34.16,-8.656298,52.132711,42,A,6,HSPA+,-83,-2.0,,,-83.30932203389831,449,10,D,-51.0,-24.0,,,
2018.02.02_11.34.18,-8.656298,52.132711,42,A,6,HSPA+,-83,-2.0,,,-83.30932203389831,567,17,D,-51.0,-24.0,,,
2018.02.02_11.34.18,-8.656298,52.132711,42,A,6,HSPA+,-83,-2.0,,,-83.30932203389831,567,17,D,-51.0,-24.0,,,
